frequency_MHz,experimental_data,reference_fit,adaptive_fit_10_points,adaptive_fit_11_points,adaptive_fit_12_points,adaptive_fit_13_points,adaptive_fit_14_points,adaptive_fit_15_points,adaptive_fit_16_points,adaptive_fit_17_points,adaptive_fit_18_points,adaptive_fit_19_points,adaptive_fit_20_points,adaptive_fit_21_points,adaptive_fit_22_points,adaptive_fit_23_points,adaptive_fit_24_points,adaptive_fit_25_points,adaptive_fit_26_points,adaptive_fit_27_points,adaptive_fit_28_points,adaptive_fit_29_points,adaptive_fit_30_points,adaptive_fit_31_points,adaptive_fit_32_points,adaptive_fit_33_points,adaptive_fit_34_points,adaptive_fit_35_points,adaptive_fit_36_points,adaptive_fit_37_points,adaptive_fit_38_points,adaptive_fit_39_points,adaptive_fit_40_points,adaptive_fit_41_points,adaptive_fit_42_points,adaptive_fit_43_points,adaptive_fit_44_points,adaptive_fit_45_points,adaptive_fit_46_points,adaptive_fit_47_points,adaptive_fit_48_points,adaptive_fit_49_points,adaptive_fit_50_points
2820.5,0.9972217462325348,0.9996792864855389,0.9995772454791976,0.9996665656328149,0.999668245081443,0.9996786773454045,0.9996837175153104,0.9996827879208731,0.9996836802378996,0.9996826439176892,0.9996824697953156,0.999682707505404,0.999682145385742,0.9996811344829967,0.9996812951547447,0.9996806904024061,0.9996810310120992,0.9996814676778905,0.9996815423697242,0.9996935754377365,0.999696482460822,0.9996814829316452,0.9996864232467904,0.9996813285242002,0.9996812964677755,0.9996810983885951,0.999681095435515,0.9996810971865747,0.999680939604098,0.9996810688696142,0.999681166752341,0.9996811376120986,0.9996809024231715,0.9996808324956112,0.9996805835343147,0.9996804506631309,0.9996802657553545,0.9996801715332079,0.9996801120572294,0.9996800305643337,0.9996799004326662,0.9996797881753241,0.9996796917977019
2821.0,0.9969182787104724,0.9996728024986462,0.9995687233996692,0.9996598054145865,0.9996615151067816,0.9996721831710335,0.9996773305553737,0.9996763851922799,0.999677293587073,0.9996762326135916,0.9996760553848637,0.9996762974767738,0.999675725887882,0.9996746919138928,0.9996748553309052,0.999674236832599,0.9996745833629561,0.9996750298995526,0.9996751059111186,0.9996873820203124,0.9996903475576755,0.9996750449187591,0.9996800845797157,0.9996748866199917,0.9996748538530854,0.9996746521214473,0.9996746491031799,0.9996746508867664,0.999674489838326,0.9996746215206836,0.999674721244473,0.9996746915532657,0.9996744512314314,0.9996743799757792,0.9996741255948502,0.9996739901899971,0.9996738012665127,0.9996737052411561,0.9996736444764316,0.9996735614187615,0.9996734284733015,0.9996733140539575,0.999673215596449
2821.5,0.9963289742702106,0.9996661197459754,0.9995599413325615,0.9996528373606036,0.9996545781151206,0.9996654900175949,0.9996707480646793,0.9996697865366937,0.9996707114363391,0.9996696249316135,0.9996694445167337,0.9996696911075541,0.9996691098139748,0.9996680519760366,0.9996682182078986,0.9996675854929005,0.9996679380974042,0.9996683948412495,0.9996684722074786,0.9996809987963388,0.9996840246325784,0.9996684096022049,0.9996735516359209,0.9996682472686353,0.9996682137674431,0.999668008281611,0.9996680051959801,0.9996680070130068,0.9996678423832618,0.9996679765508496,0.9996680781681473,0.9996680479101888,0.9996678022858154,0.9996677296638306,0.9996674696845719,0.999667331672776,0.9996671386014601,0.9996670407205391,0.9996669786247533,0.9996668939567147,0.9996667581052497,0.9996666414607029,0.9996665408552678
2822.0,0.9973141678642594,0.9996592300146148,0.9995508886074185,0.9996456528575485,0.9996474255227179,0.9996585896688452,0.9996639619760904,0.9996629838739767,0.9996639257202592,0.9996628127646293,0.9996626290812528,0.999662880292024,0.9996622890507004,0.9996612065196285,0.9996613756382335,0.9996607282142167,0.9996610870515987,0.9996615543545151,0.9996616331115659,0.9996744179252476,0.9996775059182725,0.9996615688318599,0.9996668163895057,0.9996614023130561,0.9996613680527016,0.9996611587071343,0.9996611555518661,0.9996611574032813,0.9996609890717285,0.999661125795539,0.9996612293608023,0.9996611985196969,0.9996609474156073,0.9996608733875649,0.9996606076233467,0.9996604669284775,0.9996602695713523,0.9996601697804626,0.9996601063094291,0.9996600199836349,0.999659881129882,0.9996597621944381,0.9996596593700373
2822.5,0.9982946407940848,0.9996521246627981,0.9995415540014091,0.9996382428409627,0.999640048296024,0.9996514734798706,0.9996569638019294,0.9996559687029338,0.9996569279529396,0.9996557875825812,0.9996556005457279,0.9996558565015932,0.9996552550615775,0.9996541469695982,0.9996543190492404,0.9996536564010285,0.9996540216354908,0.9996544998655631,0.9996545800508754,0.9996676311571719,0.9996707832420036,0.9996545140321598,0.9996598703955655,0.999654343170319,0.999654308124793,0.9996540948099669,0.9996540915826839,0.9996540934694719,0.9996539213101545,0.999654060663909,0.9996541662337043,0.9996541347924173,0.9996538780234652,0.9996538025480837,0.9996535308038995,0.9996533873468276,0.9996531855597349,0.9996530838023197,0.9996530189098761,0.9996529308770575,0.9996527889204362,0.9996526676257826,0.9996525625082114
2823.0,1.0014258514489747,0.9996447945927349,0.9995319257047028,0.9996305977665754,0.9996324369230829,0.9996441323499554,0.9996497446073821,0.9996487320746967,0.9996497092014422,0.9996485404057118,0.9996483499276754,0.9996486107580377,0.9996479988601861,0.9996468642986799,0.9996470394161514,0.9996463610043863,0.9996467328058314,0.999647222348353,0.999647304000704,0.9996606298070224,0.9996638479998375,0.9996472361751547,0.9996527047636516,0.9996470608046558,0.9996470249467515,0.9996468075489698,0.9996468042471857,0.9996468061703687,0.999646630051565,0.9996467721118457,0.9996468797449519,0.9996468476857775,0.999646585058396,0.9996465080927589,0.9996462301647516,0.9996460838631999,0.9996458774954509,0.9996457737126934,0.9996457073505902,0.9996456175595022,0.9996454723948918,0.9996453486699663,0.9996452411816762
2823.5,1.004552265798993,0.9996372302214115,0.9995219912832872,0.999622707579483,0.9996245813827871,0.9996365566934274,0.9996422949819215,0.9996412645641217,0.9996422600572104,0.9996410617757984,0.9996408677660542,0.9996411336047385,0.9996405109813935,0.9996393489984791,0.9996395272331711,0.999638832492885,0.999639211037159,0.9996397122956439,0.9996397954552076,0.9996534047266279,0.9996566911290573,0.9996397257515522,0.9996453101292498,0.9996395456984749,0.9996395089997183,0.9996392874009119,0.9996392840220251,0.9996392859826649,0.9996391057665551,0.9996392506129457,0.9996393603704632,0.9996393276749921,0.9996390589867094,0.9996389804861847,0.9996386961611384,0.999638546929523,0.999638335823525,0.9996382299542348,0.9996381620720162,0.9996380704693368,0.9996379219868182,0.9996377957576682,0.9996376858175762
2824.0,1.0042487009641503,0.999629421449185,0.9995117376390142,0.9996145616809927,0.9996164711118034,0.9996287364083025,0.9996346050085756,0.9996335562390335,0.9996345706053419,0.9996333417252171,0.9996331440903273,0.9996334150757481,0.9996327814504076,0.9996315910483535,0.9996317724823622,0.9996310608214498,0.9996314462905967,0.999631959687863,0.9996320443962723,0.9996459462747707,0.9996493030784748,0.9996319727395735,0.9996376766231031,0.9996317878211833,0.999631750251759,0.9996315243292744,0.999631520870561,0.9996315228697612,0.9996313384120717,0.9996314861273056,0.999631598072772,0.9996315647218553,0.9996312897607785,0.999631209678931,0.9996309187337294,0.9996307664829926,0.9996305504738494,0.9996304424543407,0.9996303729992166,0.9996302795294408,0.9996301276140196,0.999629998803653,0.9996298863269387
2824.5,1.0020849913284964,0.9996213576259793,0.9995011509666343,0.9996061488929258,0.9996080949689614,0.9996206608425364,0.9996266642308534,0.9996255966271244,0.9996266303915182,0.9996253697436475,0.9996251683871635,0.9996254446624988,0.9996247997494706,0.9996235798819203,0.9996237646001581,0.9996230353977368,0.9996234279802655,0.9996239539595976,0.9996240402600101,0.999638244284936,0.999641673776477,0.9996239665714333,0.9996297938381931,0.9996237765956272,0.9996237381242981,0.9996235077506741,0.9996235042092807,0.9996235062481886,0.9996233173978112,0.9996234680679281,0.9996235822674416,0.9996235482411535,0.9996232667854149,0.9996231850739147,0.9996228872749606,0.9996227319123915,0.9996225108274762,0.9996224005914388,0.9996223295081492,0.9996222341134754,0.9996220786447856,0.9996219471730138,0.9996218320709009
2825.0,1.000352419294262,0.9996130275148721,0.9994902167075563,0.9995974574191553,0.9995994411968837,0.9996123187576763,0.9996184616171224,0.9996173746803049,0.999618428386387,0.9996171347422075,0.9996169295645719,0.9996172112779421,0.9996165547819857,0.9996153043509788,0.9996154924412898,0.9996147450459414,0.9996151449371066,0.9996156839635013,0.9996157719006677,0.9996302880305702,0.9996337925966041,0.9996156960972308,0.9996216507941734,0.9996155008619418,0.9996154614559642,0.9996152264986946,0.9996152228716306,0.9996152249514394,0.9996150315500222,0.9996151852645361,0.9996153017868852,0.9996152670644831,0.9996149788816474,0.9996148954901716,0.9996145905927655,0.9996144320218103,0.9996142056803079,0.9996140931586708,0.9996140203893393,0.9996139230095491,0.9996137638615367,0.9996136296448047,0.9996135118243294
2825.5,1.0010516127808327,0.9996044192528369,0.9994789195000487,0.9995884748041307,0.9995904973806076,0.9996036982896763,0.9996099855222114,0.9996088787362772,0.9996099529471681,0.9996086250147938,0.99960841591324,0.9996087032178922,0.9996080348338439,0.9996067526866181,0.9996069442398996,0.9996061779677824,0.9996065853698782,0.9996071379313828,0.9996072275517207,0.9996220661876286,0.9996256483204425,0.9996071495460248,0.9996132358990252,0.9996069488385808,0.9996069084636132,0.9996066687848943,0.999606665069024,0.9996066671909749,0.9996064690724846,0.9996066259245601,0.9996067448413624,0.9996067094012445,0.9996064142476738,0.9996063291238028,0.9996060168714758,0.9996058549915374,0.9996056232039535,0.9996055083247388,0.9996054338087167,0.9996053343810468,0.9996051714216296,0.9996050343728389,0.9996049137365985
2826.0,1.0043183161265588,0.9995955203083874,0.99946724312556,0.9995791878881168,0.9995812504029283,0.9995947869066233,0.999601223645987,0.9996000964770831,0.9996011917762345,0.9995998281963707,0.9995996150648213,0.9995999081193198,0.9995992275317034,0.9995979124572572,0.9995981075675862,0.9995973217004057,0.9995977368230754,0.9995983034322251,0.9995983947838945,0.9996135667941665,0.9996172290975864,0.9995983144838338,0.9996045369076866,0.9995981080802677,0.9995980667002714,0.9995978221567378,0.9995978183487704,0.9995978205141556,0.9995976175044075,0.999597777591048,0.9995978989768965,0.9995978627965572,0.999597560416729,0.9995974735058357,0.9995971536296359,0.9995969883358579,0.9995967509034931,0.9995966335916618,0.9995965572653595,0.9995964557243657,0.9995962888150696,0.999596148843386,0.9995960252892723
2826.5,1.0053032120341143,0.9995863174358377,0.9994551704508158,0.9995695827588451,0.9995716863961608,0.9995855713630919,0.9995921629886304,0.9995910148843486,0.9995921318763924,0.9995907312179336,0.9995905139468984,0.9995908129153196,0.9995901197979414,0.9995887705233356,0.9995889692881016,0.9995881630709273,0.999588586131488,0.9995891673268522,0.9995892604598368,0.9996047772067038,0.9996085224024043,0.999589177768286,0.9995955408773801,0.9995889654325916,0.9995889230097259,0.9995886734521657,0.9995886695486469,0.9995886717588118,0.9995884636749643,0.9995886270972115,0.9995887510298324,0.9995887140858135,0.9995884042115888,0.9995883154567217,0.9995879876744456,0.999587818857485,0.9995875755718701,0.9995874557491564,0.9995873775458639,0.9995872738232758,0.9995871028188433,0.9995869598294952,0.9995868332504064
2827.0,1.0037112590521164,0.9995767966258685,0.9994426833653047,0.999559644699246,0.9995617906899902,0.9995760376508159,0.9995827898023083,0.9995816201909229,0.9995827595025558,0.9995813202578384,0.9995810987343109,0.9995814037864438,0.9995806978019707,0.9995793129883472,0.9995795155083904,0.9995786881473072,0.9995791193710905,0.9995797157189363,0.9995798106851285,0.9995956840530661,0.9995995149873123,0.9995797254996047,0.9995862341193302,0.9995795069829343,0.9995794634774424,0.9995792087504991,0.9995792047477999,0.9995792070041459,0.9995789936541588,0.999579160517305,0.999579287077722,0.999579249345563,0.9995789316953997,0.9995788410371568,0.9995785050525254,0.9995783325983093,0.999578083240598,0.9995779608253341,0.9995778806750273,0.9995777746995935,0.9995775994475642,0.9995774533416254,0.9995773236251583
2827.5,1.002981408518821,0.9995669430520523,0.9994297627137316,0.9995493581308936,0.9995515477550423,0.9995661709453345,0.9995730895389034,0.9995718978285753,0.9995730601094803,0.9995715806891561,0.9995713547965124,0.9995716661080625,0.9995709469075832,0.9995695251458748,0.9995697315256317,0.9995688821852067,0.9995693218059176,0.9995699339020028,0.9995700307552934,0.9995862731813726,0.9995901928322308,0.9995699429675918,0.9995766021465369,0.9995697180073896,0.9995696733774766,0.9995694133193291,0.9995694092136357,0.999569411517623,0.9995691926996723,0.9995693631134863,0.999569492386199,0.999569453840382,0.9995691281184889,0.9995690354948843,0.9995686909966568,0.999568514786123,0.9995682591264397,0.9995681340333676,0.9995680518625003,0.9995679435598238,0.999567763900083,0.9995676145742419,0.9995674816023591
2828.0,1.0021063502798107,0.9995567410129568,0.999416388222969,0.9995387065527576,0.9995409411417685,0.9995559555482317,0.9995630467934321,0.9995618323713783,0.9995630182951831,0.9995614970226806,0.9995612666405773,0.9995615843933757,0.9995608516159458,0.9995593914222481,0.999559601769902,0.9995587295704553,0.9995591778305488,0.9995598063020538,0.9995599050984271,0.9995765296048061,0.9995805410898612,0.9995598145942264,0.9995666296172311,0.9995595829132922,0.9995595371149929,0.9995592715570186,0.9995592673443192,0.9995592696974703,0.9995590451993199,0.9995592192782872,0.9995593513514589,0.999559311965351,0.9995589778607769,0.9995588832070995,0.9995585298681172,0.999558349776938,0.9995580875736751,0.9995579597137481,0.9995578754450276,0.9995577647373897,0.9995575805016821,0.9995574278479956,0.9995572914966693
2828.5,1.0009455459775427,0.9995461738694027,0.9994025384229908,0.9995276724748086,0.9995299534141965,0.9995453748245491,0.9995526452427372,0.9995514074743644,0.9995526177396385,0.999551052845173,0.9995508178494474,0.9995511422316625,0.9995503955038307,0.9995488953144067,0.9995491097420464,0.9995482137567038,0.99954867090778,0.999549316415394,0.9995494172130273,0.9995664374417632,0.9995705440263836,0.999549323871463,0.9995563002735997,0.9995490851769396,0.9995490381639768,0.9995487669303904,0.9995487626064632,0.9995487650103664,0.9995485346086896,0.9995487124722686,0.9995488474379275,0.9995488071837191,0.9995484643693716,0.999548367618032,0.9995480050941915,0.9995478209924783,0.9995475519915401,0.9995474212717075,0.9995473348238546,0.999547221630026,0.9995470326414331,0.9995468765470628,0.9995467366858899
2829.0,1.0003516417316662,0.9995352239764069,0.9993881905612152,0.9995162373459819,0.9995185660780439,0.9995344111349053,0.9995418675790023,0.9995406058070018,0.9995418411382923,0.9995402307523802,0.9995399910149538,0.9995403222213055,0.9995395611566226,0.9995380193225036,0.9995382379462886,0.9995373171977969,0.9995377835010177,0.9995384467411916,0.9995385496005609,0.9995559798509357,0.9995601849571333,0.9995384532937632,0.9995455968753204,0.9995382072760393,0.9995381589996701,0.9995378819071419,0.9995378774675407,0.9995378799238528,0.999537643383502,0.9995378251563962,0.9995379631106495,0.9995379219592885,0.9995375700908758,0.9995374711712447,0.9995370991003882,0.9995369108523766,0.9995366347863628,0.9995365011093431,0.9995364123968309,0.9995362966318716,0.9995361027042474,0.999535943051178,0.9995357995429663
2829.5,1.001050736457708,0.9995238726092912,0.9993733205096229,0.9995043814759381,0.9995067595026439,0.9995230457618031,0.999530695437576,0.9995294089809816,0.9995306701298877,0.9995290122763183,0.9995287676651035,0.9995291058970786,0.999528330095589,0.9995267448767353,0.9995269678170685,0.9995260212743519,0.9995264970008776,0.9995271787082598,0.9995272836922514,0.9995451389608275,0.9995494461767632,0.9995271842848437,0.9995345011274004,0.9995269306163653,0.9995268810252163,0.9995265978824639,0.9995265933225038,0.9995265958329543,0.9995263529061696,0.9995265387186195,0.999526679761882,0.9995266376830038,0.9995262763978915,0.9995261752361269,0.9995257932368452,0.9995256007005581,0.9995253172878839,0.99952518055192,0.9995250894846938,0.9995249710597376,0.9995247719971002,0.9995246086618379,0.9995244613621584
2830.0,1.0017498064941086,0.9995120998833744,0.9993579026639464,0.9994920839500083,0.999494512836064,0.9995112588295488,0.9995191093185489,0.9995177974717548,0.9995190852180408,0.9995173778062515,0.9995171281850641,0.999517473651133,0.9995166826988462,0.9995150522578247,0.9995152796395327,0.9995143062139643,0.9995147916454131,0.9995154925954867,0.9995155997695144,0.9995338957931559,0.9995383088833437,0.9995154971180699,0.9995229936017521,0.9995152354520512,0.9995151844919379,0.999514895099293,0.9995148904140333,0.999514892980429,0.9995146434059853,0.9995148333940783,0.9995149776313166,0.9995149345931683,0.9995145635091456,0.999514460028007,0.9995140676983466,0.9995138707252332,0.999513579669178,0.9995134397677763,0.9995133462509507,0.999513225072975,0.9995130206688493,0.9995128535220994,0.9995127022788036
2830.5,1.0007296266008059,0.9994998846666076,0.99934190983415,0.9994793225366331,0.9994818039127309,0.9994990292171455,0.999507088501453,0.9995057505331897,0.9995070656859375,0.9995053065027343,0.9995050517312131,0.9995054046470435,0.9995045981153895,0.9995029205105205,0.9995031524630412,0.9995021510044027,0.9995026464333335,0.9995033674452726,0.9995034768774028,0.9995222301795198,0.9995267530957948,0.9995033708298531,0.999511053651877,0.999503100798876,0.9995030484126098,0.9995027525615553,0.9995027477457823,0.9995027503700109,0.9995024938722936,0.9995026881782956,0.9995028357192899,0.9995027916886507,0.9995024104025944,0.9995023045212449,0.9995019014373088,0.9995016998718592,0.9995014008595381,0.9995012576811889,0.9995011616147197,0.9995010375862988,0.9995008276230054,0.9995006565293266,0.9995005011820248
2831.0,0.9987116938792059,0.9994872044844296,0.9993253131253306,0.9994660735865296,0.9994686091527966,0.9994863344634405,0.9994946109523868,0.9994932461046574,0.9994945895034553,0.9994927762040116,0.9994925161375467,0.9994928767262149,0.99949205417148,0.9994903273494022,0.9994905640069816,0.99948953329908,0.9994900390295002,0.9994907809692682,0.9994908927303507,0.9995101206706541,0.9995147575639665,0.9994907831253432,0.999498659319956,0.9994905043398351,0.9994904504670133,0.9994901479396893,0.9994901429878975,0.9994901456719324,0.999489881959937,0.9994900807326472,0.9994902316922691,0.9994901866343643,0.9994897947207934,0.9994896863545871,0.9994892720690212,0.999489065748353,0.9994887584496033,0.9994886118774806,0.9994885131558107,0.9994883861748507,0.999488170422738,0.9994879952401703,0.9994878356196668
2831.5,0.9952604145854829,0.999474035416046,0.9993080818080715,0.9994523119227303,0.9994549034523897,0.9994731506637382,0.999481653222789,0.9994802607097606,0.9994816332259291,0.9994797633239895,0.9994794978136627,0.9994798663058592,0.9994790272686046,0.9994772490562,0.9994774905580952,0.9994764293140034,0.9994769456619014,0.9994777094456154,0.9994778236094226,0.9994975444375028,0.9995022996706153,0.9994777102756208,0.9994857872355667,0.9994774223221977,0.9994773668989752,0.9994770574676534,0.9994770523740244,0.9994770551199297,0.9994767838861761,0.9994769872813061,0.999477141779819,0.9994770956582273,0.9994766926677356,0.9994765817279906,0.9994761557683424,0.9994759445217563,0.9994756285879315,0.9994754784995716,0.9994753770112461,0.9994752469707018,0.999475025187312,0.999474845766979,0.9994746816946602
2832.0,0.9952428412253588,0.9994603519812298,0.9992901831771718,0.9994380107205362,0.999440660063797,0.9994594523569806,0.999468190338988,0.9994667693458422,0.9994681718836933,0.9994662427409006,0.9994659716334386,0.999466348267665,0.9994654922721279,0.9994636603677405,0.999463906858434,0.999462813715315,0.9994633410092209,0.9994641276068078,0.9994642442501812,0.9994844771632587,0.999489355324428,0.9994641270055021,0.9994724125051478,0.9994638294451641,0.9994637724040059,0.9994634558305265,0.9994634505889072,0.9994634533988427,0.999463174318198,0.9994633824987772,0.999463540662156,0.9994634934387108,0.999463078896267,0.9994629652900207,0.9994625271569597,0.9994623108054642,0.999461985868125,0.9994618321350811,0.9994617277623311,0.9994615945499001,0.9994613664790661,0.9994611826647465,0.9994610139519181
2832.5,0.997656371704917,0.9994461270166474,0.9992715823975454,0.9994231413763138,0.999425850464503,0.9994452124025053,0.9994541956815568,0.9994527453632956,0.9994541788614235,0.9994521876756766,0.999451910813422,0.9994522958361771,0.9994514223896557,0.9994495343535331,0.9994497859829528,0.9994486594964278,0.9994491980780016,0.9994500085171766,0.9994501277201827,0.9994708929254131,0.999475898843144,0.9994500063709648,0.9994585085912387,0.9994496987371271,0.9994496400065391,0.9994493160417105,0.9994493106455878,0.9994493135218149,0.9994490262502131,0.9994492393870241,0.9994494013472983,0.9994493529819822,0.9994489263850826,0.9994488100148301,0.9994483591802136,0.9994481375360136,0.999447803205507,0.9994476456929776,0.9994475383112673,0.9994474018090628,0.9994471671799271,0.9994469788075946,0.9994468052547604
2833.0,0.9993531460019668,0.999431331540581,0.9992522423359461,0.999407673363934,0.9994104442138899,0.9994304018452627,0.9994396408533829,0.9994381603335912,0.9994396257661896,0.9994375695589288,0.9994372867798332,0.9994376804457819,0.9994367890380046,0.9994348422818812,0.9994350992056305,0.9994339378436414,0.9994344880682913,0.9994353234388922,0.9994354452849864,0.9994567640667462,0.9994619028257207,0.9994353196250804,0.9994440471803924,0.9994350014214238,0.9994349409256607,0.9994346093086159,0.9994346037510909,0.9994346066959787,0.9994343108690281,0.9994345291410722,0.9994346950366949,0.9994346454875257,0.9994342063041856,0.9994340870675976,0.9994336229723692,0.9994333958383163,0.9994330517022304,0.9994328902686606,0.9994327797461955,0.9994326398303925,0.9994323983563418,0.9994322052536687,0.9994320266497488
2833.5,0.9981925952634886,0.9994159346047911,0.999232123377008,0.9993915740775031,0.9993944087962481,0.9994149897682411,0.9994244955352288,0.9994229839047944,0.9994244822829963,0.9994223578853011,0.9994220690229422,0.9994224715950653,0.9994215616975468,0.9994195534732766,0.9994198158528735,0.9994186179889866,0.9994191802265172,0.9994200416852322,0.999420166261433,0.9994420610540549,0.9994473380123436,0.9994200360712073,0.9994289980385354,0.9994197067693286,0.9994196444280737,0.9994193048855828,0.9994192991593421,0.9994193021753733,0.9994189974068398,0.9994192210018379,0.999419390978081,0.9994193402009893,0.9994188878675568,0.9994187656571774,0.9994182877090777,0.9994180548780783,0.9994177004995614,0.9994175349962121,0.9994174211934035,0.9994172777338596,0.9994170291113641,0.9994168310971876,0.999416647218667
2834.0,0.9966058452844505,0.9993999031320988,0.9992111832219175,0.9993748086588718,0.9993777094485838,0.999398943130694,0.9994087273274105,0.9994071836432016,0.9994087160164333,0.9994065200538028,0.9994062249374333,0.9994066366871505,0.999405707752535,0.9994036351396758,0.9994039031427995,0.9994026670488916,0.9994032416841849,0.999404130459715,0.9994042578567871,0.9994267523232678,0.9994321731309487,0.9994041229020402,0.9994133288523886,0.9994037819388788,0.9994037176668968,0.9994033699126299,0.9994033640099133,0.9994033670996919,0.9994030529798457,0.9994032820947741,0.9994034563041545,0.999403404252852,0.9994029381716245,0.999402812874544,0.9994023204456175,0.9994020816999962,0.9994017166159235,0.9994015468864087,0.9994014296552909,0.9994012825151352,0.9994010264224852,0.9994008233062311,0.9994006339162316
2834.5,0.9962978494230584,0.9993832017380945,0.999189376667818,0.9993573398082114,0.9993603089715154,0.999382226590585,0.9993923015760482,0.9993907248595498,0.9993922923168934,0.9993900211925616,0.9993897196471946,0.9993901408544549,0.999389192315851,0.9993870522080808,0.9993873260088272,0.9993860498470869,0.9993866372808162,0.9993875546795199,0.9993876849921697,0.9994108041094296,0.999416374728747,0.9993875450229353,0.9993970050553965,0.999387191797955,0.9993871255047114,0.9993867692384486,0.9993867631510156,0.9993867663172736,0.9993864424110828,0.9993866772527513,0.9993868558554881,0.9993868024813263,0.9993863220179484,0.9993861935154533,0.9993856859393263,0.999385441050138,0.9993850647691129,0.9993848906488999,0.9993847698324934,0.9993846188676854,0.9993843549636124,0.9993841465446731,0.9993839513919421
2835.0,0.9975683027068875,0.999365792535172,0.999166655365817,0.9993391275757318,0.9993421675213353,0.9993648023094683,0.9993751811821449,0.9993735704180579,0.9993751740896082,0.9993728239662312,0.9993725158127702,0.9993729467661008,0.9993719780364095,0.9993697671266515,0.9993700469057969,0.9993687287199653,0.9993693293693431,0.9993702767814159,0.9993704101084966,0.9993941802598367,0.9993999069870543,0.9993702648577342,0.999379989636405,0.9993698987298287,0.9993698303190739,0.9993694652258589,0.9993694589449504,0.9993694621905561,0.999369128035713,0.9993693688213857,0.9993695519858928,0.9993694972377096,0.9993690017183323,0.9993688698855252,0.999368346454433,0.9993680951807218,0.9993677071808921,0.999367528496761,0.9993674039283778,0.9993672489872285,0.9993669769094005,0.9993667629764623,0.9993665617942683
2835.5,0.9972649844390837,0.9993476349168626,0.999142967555196,0.9993201291323646,0.99932324238106,0.9993466297377882,0.9993573263915284,0.9993556805263315,0.9993573215845375,0.9993548883640648,0.9993545734194865,0.9993550144159917,0.999354024887233,0.9993517396513406,0.9993520255966137,0.9993506633023788,0.9993512776019399,0.9993522565081892,0.9993523929529192,0.9993768420283927,0.9993827315175062,0.9993522421350736,0.9993622429291099,0.9993518624191677,0.9993517917884813,0.9993514175377112,0.9993514110540087,0.9993514143819754,0.999351069486735,0.9993513164447987,0.9993515043482168,0.9993514481721721,0.9993509368803415,0.9993508015857325,0.9993502615472658,0.9993500036352639,0.9993496033619326,0.9993494199313941,0.9993492914338771,0.9993491323565331,0.9993488517199072,0.9993486320502234,0.9993484245551477
2836.0,0.9985353757900053,0.9993286853201633,0.9991182577711207,0.9993002985169454,0.9993034877080074,0.9993276653783206,0.9993386945634307,0.9993370125039126,0.9993386921648847,0.9993361714664045,0.9993358495440035,0.9993363008893018,0.9993352899319431,0.9993329266107849,0.9993332189171444,0.9993318102915948,0.9993324386940163,0.9993334506732982,0.9993335903434915,0.9993587478489918,0.999364807137491,0.9993334336529068,0.9993437223800349,0.9993330396162153,0.9993329666565076,0.9993325829009558,0.9993325762045361,0.999332579618031,0.9993322234588434,0.9993324768295273,0.9993326696582966,0.9993326119976949,0.9993320841709449,0.9993319452760095,0.9993313878295519,0.9993311230118133,0.9993307098748222,0.9993305215054853,0.9993303888903764,0.9993302255082597,0.9993299359032802,0.9993297102618829,0.9993294961524978
2836.5,1.0016604061128391,0.9993088969632647,0.999092466522792,0.9992795863571045,0.9992828542551095,0.9993078625251782,0.9993192399151858,0.9993175205269512,0.9993192400517161,0.9993166271870351,0.9993162980967447,0.9993167601048293,0.9993157270671239,0.99931328164688,0.9993135805168005,0.9993121231868287,0.9993127661637863,0.9993138129011797,0.9993139559094893,0.9993398530854527,0.9993460896223392,0.9993137930186625,0.9993243822924953,0.9993133838765691,0.9993133084715318,0.9993129148462983,0.9993129079265837,0.9993129114289383,0.999312543447848,0.9993128034840018,0.9993130014344807,0.9993129422295774,0.9993123970556927,0.9993122544143931,0.9993116787072119,0.9993114067016747,0.9993109800725344,0.9993107865614232,0.9993106496280504,0.9993104817632521,0.9993101827538741,0.9993099508927202,0.9993097298481386
2837.0,1.003787748619977,0.9992882195557169,0.9990655299385856,0.9992579395606929,0.9992612890627909,0.9992871709754471,0.9992989132401902,0.9992971553461463,0.999298916041824,0.9992962059885112,0.999295869537312,0.9992963425303202,0.9992952867376613,0.9992927549281251,0.9992930605718864,0.9992915520014192,0.9992922100444803,0.9992932933402879,0.9992934398044642,0.9993201097551843,0.9993265314314822,0.9992932703621155,0.9993041735436707,0.9992928452736247,0.9992927672991283,0.9992923634205076,0.9992923562662122,0.9992923598609327,0.9992919794627217,0.9992922464306535,0.9992924497097885,0.9992923888975834,0.9992918255104912,0.9992916789687581,0.9992910840917111,0.9992908046006806,0.9992903638094193,0.9992901649422311,0.9992900234767057,0.9992898509413285,0.9992895420628468,0.9992893037198911,0.9992890753981751
2837.5,1.003339157205775,0.999266598977678,0.9990373793742618,0.9992353009741316,0.9992387351178033,0.9992655367101297,0.9992776615958731,0.9992758639747079,0.9992776671955812,0.9992748545671666,0.9992745105596009,0.9992749948674723,0.9992739156217729,0.9992712928324174,0.9992716054683985,0.9992700429443147,0.9992707165658705,0.999271838345539,0.9992719883887025,0.9992994662233852,0.9993060814054042,0.9992718120176428,0.9992830432715041,0.9992713700803553,0.9992712894037848,0.9992708748680499,0.9992708674671186,0.9992708711578973,0.9992704777069391,0.999270751887323,0.9992709607133721,0.9992708982273824,0.9992703157026348,0.999270165097806,0.999269550080618,0.9992692627896647,0.9992688071213602,0.999268602671661,0.9992684564457753,0.9992682790412184,0.9992679597978822,0.9992677146960686,0.9992674787324799
2838.0,1.001607358257631,0.9992439769244154,0.9990079409798025,0.9992116090035743,0.9992151309749078,0.9992429015406036,0.9992554279579831,0.999253589342644,0.9992554364910844,0.9992525155040605,0.9992521637428702,0.9992526597028716,0.9992515562819803,0.9992488375955216,0.9992491574504969,0.9992475380670733,0.9992482278013056,0.9992493901263823,0.9992495438773115,0.999277866864129,0.9992846844297751,0.9992493601720828,0.9992609345276969,0.9992489004166322,0.9992488168961549,0.9992483912782439,0.999248383617787,0.9992483874085153,0.9992479802253074,0.9992482619141632,0.999248476517481,0.9992484122874975,0.9992478096372915,0.9992476547975023,0.9992470186035614,0.9992467231803223,0.9992462518712847,0.9992460415996332,0.9992458903696464,0.9992457078858286,0.9992453777482122,0.9992451255943782,0.9992448815994506
2838.5,1.0007326486700985,0.9992202905116903,0.9989771352198201,0.9991867971941798,0.9991904103367035,0.999219202716267,0.9992321508369651,0.9992302699131542,0.9992321624403593,0.9992291268775844,0.9992287671644978,0.9992292751205859,0.9992281467777528,0.9992253269209002,0.9992256542303345,0.9992239748720411,0.999224681275927,0.999225886356175,0.9992260439496115,0.9992552516841726,0.9992622810626377,0.9992258524738683,0.9992377858925366,0.9992253738577564,0.9992252873415124,0.9992248501936132,0.9992248422598331,0.9992248461546144,0.999224424511949,0.9992247140217057,0.9992249346455933,0.999224868597415,0.9992242447650982,0.9992240855086183,0.9992234270292336,0.99922312312211,0.9992226353556672,0.9992224190086636,0.9992222625139624,0.9992220747284751,0.9992217331305804,0.9992214736142618,0.9992212211716767
2839.0,1.0020028442525424,0.9991954718370323,0.9989448763417813,0.9991607937621193,0.9991645015862302,0.9991943724884321,0.9992077638516075,0.9992058392563097,0.9992077786627992,0.9992046218328424,0.9992042539695356,0.9992047742715263,0.9992036202349355,0.9992006935459765,0.9992010285543176,0.9991992858767529,0.9992000095311034,0.999201259737923,0.9992014213148921,0.9992315559047308,0.9992388071199304,0.9992012215984948,0.9992135310466846,0.9992007229992467,0.9992006333244536,0.9992001841744745,0.9992001759525848,0.9992001799557497,0.9991997430744795,0.9992000407351258,0.999200267636755,0.9992001996919,0.9991995535458964,0.9991993896804093,0.9991987077284658,0.9991983949652044,0.9991978898670472,0.9991976671762948,0.999197505137913,0.9991973118150983,0.999196958151152,0.9991966909432801,0.9991964296075192
2839.5,1.0026969799683765,0.9991694474911726,0.9989110717854787,0.9991335210731511,0.9991373272661797,0.9991683376247956,0.9991821952544325,0.9991802255744988,0.9991822134103031,0.999178928102204,0.999178551891469,0.9991790848939744,0.9991779043663603,0.999174864759181,0.9991752077201448,0.9991733981288772,0.9991741396394086,0.9991754375207272,0.9991756032288783,0.9992067094957585,0.9992141932139414,0.9991753947646587,0.9991880982943392,0.9991748749722092,0.9991747819641703,0.999174320314088,0.9991743117882239,0.9991743159043459,0.9991738629486931,0.9991741691090277,0.9991744025604442,0.9991743326358364,0.9991736629629211,0.9991734942847392,0.999172787587672,0.9991724655738186,0.9991719422068476,0.9991717128878209,0.9991715450068023,0.9991713458967451,0.9991709795176562,0.9991707042691342,0.9991704335628828
2840.0,1.0005391647020145,0.9991421380130666,0.998875621526234,0.9991048950606765,0.999108803497631,0.9991410188679886,0.9991553674024883,0.9991533511733005,0.9991553890377642,0.9991519674706002,0.9991515827177592,0.9991521287788453,0.9991509209372194,0.9991477618612945,0.999148113038139,0.9991462326651825,0.9991469926636154,0.9991483409604393,0.9991485109544027,0.9991806366564832,0.999188364238483,0.99914829319456,0.999161410031362,0.9991477509027737,0.9991476543737758,0.9991471796978483,0.9991471708509674,0.9991471750848797,0.9991467051572316,0.9991470201862205,0.9991472604754371,0.9991471884830632,0.9991464939809048,0.9991463202741122,0.9991455874661175,0.9991452557833286,0.9991447131419408,0.999144476892749,0.999144302848332,0.9991440976857585,0.9991437178951914,0.999143434235337,0.9991431536466069
2840.5,0.9966628073193455,0.9991134572809353,0.9988384173432334,0.9990748245751161,0.9990788393301546,0.9991123303307227,0.9991271961662488,0.9991251318704978,0.9991272214116005,0.9991236551781658,0.999123261692776,0.9991238211722866,0.9991225851678003,0.9991192995636253,0.9991196592294076,0.9991177039070217,0.9991184830522044,0.9991198847170476,0.9991200591588106,0.9991532552349764,0.999161238793643,0.9991198315108886,0.999133382150988,0.9991192653080947,0.9991191650561834,0.999118676799014,0.999118667612786,0.9991186719696006,0.9991181841047235,0.9991185083929769,0.9991187558251635,0.9991186816716998,0.9991179609405739,0.9991177819760912,0.9991170215894735,0.9991166797936705,0.9991161167974152,0.9991158732974489,0.9991156927450501,0.9991154812481227,0.9991150872981376,0.9991147948329773,0.9991145038119119
2841.0,0.9954979285490599,0.9990833118305986,0.9987993420031092,0.9990432106551905,0.9990473360138641,0.9990821788189108,0.9990975902682128,0.9990954763348302,0.9990976192479106,0.9990938992517001,0.9990934968496044,0.9990940701070836,0.9990928050650623,0.999089385314416,0.9990897537522259,0.9990877189836801,0.9990885179627288,0.9990899761801704,0.9990901552394728,0.9991244760784551,0.9991327285418757,0.9990899170618599,0.9991039233786104,0.9990893254202706,0.9990892212278855,0.9990887188023265,0.9990887092570095,0.9990887137421373,0.9990882069007336,0.9990885408621147,0.9990887957608962,0.9990887193473013,0.9990879708808679,0.9990877864154294,0.9990869968709721,0.9990866444903217,0.9990860599768402,0.999085808885289,0.9990856214542614,0.9990854033232562,0.9990849944094593,0.9990846927198581,0.99908439067518
2841.5,0.9947685837054272,0.9990516000910157,0.9987582683474108,0.999009945710206,0.9990141861825252,0.9990504630727964,0.9990664505414893,0.9990642853447815,0.9990664833705231,0.9990625997550878,0.9990621882608752,0.9990627756530106,0.9990614806731994,0.999057918543531,0.9990582960466926,0.9990561769735825,0.9990569965030308,0.99905851471269,0.9990586985674388,0.9990942023047055,0.9991027374859047,0.9990584491643272,0.9990729345258017,0.9990578304281847,0.9990577220606355,0.9990572048455125,0.9990571949198164,0.9990571995389889,0.9990566726005093,0.9990570166738875,0.9990572793827625,0.99905720060383,0.9990564227788503,0.9990562325538832,0.9990554121501145,0.9990550486828131,0.9990544413999699,0.9990541823541963,0.9990539876453294,0.999053762561186,0.9990533378173261,0.9990530264569308,0.9990527127519837
2842.0,0.9951771450758748,0.9990182115253396,0.9987150582708607,0.9989749126007147,0.9989792729350897,0.9990170729145511,0.9990336690971212,0.9990314509561626,0.9990337058776708,0.9990296479472657,0.9990292271972185,0.9990298290747076,0.9990285032317788,0.9990247898139051,0.9990251766861357,0.9990229680517728,0.9990238088787179,0.9990253908009821,0.9990255796376855,0.9990623284834982,0.9990711611574039,0.9990253182534115,0.9990403076521772,0.9990246706256845,0.9990245578294468,0.999024025167089,0.9990240148380211,0.999024019597315,0.9990234713519233,0.9990238260030876,0.9990240968869795,0.9990240156308509,0.9990232066956969,0.9990230104360928,0.9990221573372935,0.999021782249137,0.9990211508462306,0.9990208834599829,0.999020681042712,0.9990204486654373,0.999020007157372,0.999019685650351,0.9990193595986807
2842.5,0.9954452154332193,0.9989830256639111,0.9986695615752637,0.9989379836028613,0.998942468800964,0.9989818882889426,0.9989991283870889,0.9989968555654477,0.9989991692042122,0.9989949253344754,0.9989944951800971,0.998995111883824,0.9989937542282042,0.9989898798663676,0.9989902764218827,0.9989879725302018,0.9989888354334334,0.9989904850983273,0.9989906791125478,0.9990287397150668,0.999037885703643,0.9989904049252255,0.9990059251218604,0.9989897264526484,0.9989896089534545,0.9989890601470097,0.9989890493897033,0.9989890542955664,0.9989884834351386,0.9989888491588914,0.9989891286058473,0.9989890447534742,0.9989882028152679,0.998988000228033,0.9989871124508152,0.9989867251725247,0.9989860681904528,0.9989857920518991,0.9989855814611827,0.9989853414280929,0.9989848821470402,0.998984549985589,0.9989842108460019
2843.0,0.9961440636014266,0.9989459110133839,0.9986216146815428,0.9988990192393036,0.9989036345719038,0.9989447781814772,0.9989627001478038,0.9989603708536859,0.9989627450641753,0.9989583026013757,0.9989578629136079,0.9989584947699904,0.9989571043290795,0.9989530585422683,0.9989534651058156,0.9989510597751549,0.9989519455662493,0.9989536673458963,0.9989538667427218,0.9989933105905987,0.9990027868571689,0.9989535788570674,0.998969658539144,0.9989528674132803,0.998952744913974,0.9989521792244881,0.9989521680120093,0.9989521730712891,0.9989515781793119,0.9989519555017579,0.9989522439248121,0.9989521573493682,0.9989512803595522,0.9989510711323228,0.9989501465305763,0.9989497464548553,0.9989490623150852,0.9989487769846455,0.9989485577174636,0.9989483096412464,0.9989478314962178,0.9989474881378083,0.9989471351088312
2843.5,0.9945531995039714,0.9989067238235273,0.9985710391795638,0.9988578669567091,0.9988626179805326,0.998905599395825,0.9989242442063642,0.9989218565932809,0.998924293255866,0.9989196384030012,0.9989191890772652,0.9989198363926073,0.9989184121724739,0.9989141835657189,0.9989146004725248,0.998912086983525,0.9989129965078793,0.9989147951530817,0.9989150001476129,0.998955904017168,0.9989657287711072,0.9989146975868384,0.9989313675453522,0.9989139508533468,0.9989138230314705,0.9989132396747065,0.9989132279778364,0.9989132331978113,0.99891261273802,0.9989130022190756,0.9989133000582959,0.9989132106245286,0.9989122963626467,0.9989120801620535,0.9989111164100267,0.9989107028883133,0.9989099898804884,0.998909694888441,0.9989094663998619,0.9989092098664335,0.9989087116757349,0.9989083565400718,0.9989079887537298
2844.0,0.990822578140734,0.9988653066901015,0.9985176401920834,0.9988143596264053,0.9988192522020566,0.9988641951692369,0.9988836071288437,0.9988811592969314,0.9988836603087639,0.9988787779965014,0.9988783189587234,0.9988789820123677,0.9988775230000276,0.9988730991641723,0.9988735267597766,0.99887089779652,0.9988718319342981,0.9988737126158511,0.9988739234337051,0.9989163698865448,0.9989265626996937,0.9988736051303411,0.998890898455851,0.9988728205749634,0.9988726870800345,0.9988720852230065,0.9988720730099966,0.99887207839841,0.9988714307019781,0.998871832938126,0.9988721406628656,0.9988720482263816,0.998871094281804,0.9988708707516665,0.9988698653249076,0.9988694376637867,0.9988686939317674,0.9988683887756021,0.9988681504743528,0.9988678850404861,0.9988673655221483,0.9988669979877972,0.9988666145026104
2844.5,0.9899482441522356,0.9988214869684572,0.998461204525222,0.9987683138406602,0.9987733541516505,0.9988203936009856,0.9988406206862968,0.9988381106844433,0.9988406779478359,0.9988355516879318,0.9988350829017463,0.9988357619377848,0.998834267104185,0.9988296345023704,0.9988300731423215,0.9988273207256769,0.9988282803926302,0.9988302487480918,0.9988304656259152,0.998874543563746,0.9988851255001024,0.9988301304113982,0.9988480827124964,0.9988293052638151,0.9988291657142494,0.998828544471439,0.998828531707734,0.9988285372728319,0.9988278605238978,0.9988282761512133,0.9988285942625902,0.998828498669068,0.9988275024203547,0.998827271179686,0.9988262213335242,0.9988257787907565,0.9988250023168628,0.9988246864583482,0.9988244377018147,0.9988241628925092,0.9988236206534893,0.9988232400541355,0.9988228398472162
2845.0,0.9922156568352225,0.9987750749680117,0.9984014985731884,0.9987195279721724,0.9987247225450793,0.9987740058644499,0.9987951001098782,0.9987925259388459,0.9987951613466011,0.9987897730650123,0.9987892945403761,0.9987899897576206,0.9987884580614808,0.9987836019002716,0.9987840519496497,0.9987811673616103,0.9987821535097255,0.998784215696489,0.998784438882481,0.9988302441669229,0.9988412379274076,0.9987840854753088,0.9988027351224309,0.998783216699258,0.9987830706788807,0.9987824291081057,0.9987824157560298,0.998782421506602,0.998781713725876,0.9987821434233581,0.9987824724569926,0.9987823735413096,0.9987813321328514,0.9987810927736479,0.9987799955188412,0.9987795372989599,0.9987787258861419,0.9987783987480693,0.9987781388366406,0.9987778541422,0.9987772876661674,0.9987768932864539,0.9987764752445698
2845.5,0.9954849497195274,0.9987258618923739,0.998338265939422,0.9986677799584552,0.9986731356842299,0.9987248241681824,0.9987468421013433,0.9987442017181207,0.9987469071351253,0.9987412369815191,0.998740748785023,0.9987414603248719,0.9987398907175687,0.9987347948002767,0.998735256633001,0.9987322303305827,0.9987332439485009,0.9987354067041708,0.9987356364586065,0.9987832726050481,0.9987947026894266,0.998735263450834,0.9987546518489024,0.9987343477124111,0.9987341947664949,0.9987335318643923,0.9987335178827925,0.9987335238282177,0.9987327828543693,0.9987332273476118,0.998733567876651,0.9987334654619188,0.9987323757774299,0.9987321278622202,0.9987309799373264,0.9987305051867451,0.9987296564383592,0.998729317400922,0.998729045571576,0.998728750444354,0.9987281580778413,0.9987277491487324,0.9987273120581747
2846.0,0.9978973258676792,0.9986736174834003,0.9982712247296737,0.998612824765704,0.998618348922122,0.998672619424946,0.9986956225590137,0.9986929138826723,0.998695691122931,0.9986897172526807,0.9986892195199019,0.9986899474516631,0.998688338883379,0.9986829854426913,0.9986834594405627,0.9986802809575681,0.9986813230706983,0.998683593781954,0.998683830377703,0.9987334093337036,0.9987453022220745,0.9986834362195031,0.9987036081134496,0.9986824698509326,0.9986823094816831,0.9986816241787669,0.998681609522608,0.9986816156729027,0.9986808391413726,0.9986812992066176,0.9986816518450841,0.9986815457415772,0.9986804043739405,0.9986801474330596,0.9986789452730115,0.9986784530745798,0.9986775643713898,0.9986772127681469,0.998676928187158,0.9986766220379291,0.9986760019745875,0.9986755776681913,0.9986751202032588
2846.5,0.9964517379314821,0.9986180873196294,0.9982000644645923,0.9985543914781452,0.9985600917533679,0.9986171385800191,0.9986411939718309,0.9986384148912358,0.9986412656893159,0.9986349640133311,0.9986344569636496,0.9986352012667754,0.9986335526941829,0.9986279222006629,0.9986284087520777,0.9986250665867132,0.9986261382569537,0.9986285250383028,0.9986287687613312,0.9986804117818087,0.9986927961384687,0.9986283517433024,0.9986493555611748,0.9986273307014166,0.998627162362819,0.9986264535180659,0.998626438137966,0.9986264445038407,0.9986256298226573,0.9986261062912754,0.9986264716977816,0.9986263617017462,0.9986251649186164,0.9986248984471708,0.9986236381474383,0.9986231275143684,0.9986221959883218,0.9986218311016926,0.9986215328563168,0.9986212150502178,0.9986205653128731,0.9986201247366481,0.9986196454465245
2847.0,0.9935735673753606,0.9985589897100421,0.9981244425498212,0.998492179948447,0.9984980644656262,0.9985581015407875,0.9985832824250991,0.9985804308088879,0.9985833567845178,0.9985767006813488,0.9985761846357435,0.9985769451783155,0.9985752555741275,0.9985693265164947,0.9985698260147551,0.9985663075007043,0.9985674098256544,0.9985699216097502,0.9985701727595951,0.9986240113930969,0.9986369182960577,0.9985697309924252,0.9985916192315716,0.9985686508109521,0.9985684739028668,0.9985677402977805,0.9985677241394819,0.9985677307323999,0.9985668750545021,0.9985673688179544,0.9985677476998287,0.9985676335921565,0.9985663772966162,0.998566100751098,0.9985647780267032,0.9985642478957828,0.9985632704000279,0.998562891456248,0.9985625785452197,0.9985622483972033,0.9985615668173461,0.9985611090076038,0.9985606063013609
2847.5,0.9921281067639066,0.9984960121125372,0.9980439802300948,0.9984258569320765,0.9984319342748845,0.9984951976383244,0.9985215841505289,0.9985186578598764,0.9985216604741384,0.9985146204576961,0.9985140958601515,0.998514872372796,0.9985131407375866,0.9985068893698871,0.9985074022110108,0.9985036933691002,0.998504827480624,0.9985074741221442,0.9985077330123407,0.998563910215153,0.9985773734151431,0.9985072644033683,0.9985300940661205,0.9985061201379437,0.998505933999327,0.9985051743314255,0.9985051573351847,0.9985051641674297,0.9985042643588959,0.9985047763742388,0.9985051694921184,0.998505051036866,0.9985037307222953,0.9985034435167935,0.9985020536553093,0.9985015028792981,0.9985004759538045,0.9985000821172687,0.9984997534399048,0.9984994102096345,0.9984986944039123,0.998498218318513,0.9984976904479251
2848.0,0.9932529197515565,0.9984288069924009,0.9979582579398854,0.9983550516129682,0.9983613308518666,0.9984280815378759,0.9984557615398099,0.9984527584446049,0.998455838945797,0.9984483822806743,0.99844784972398,0.9984486417682041,0.9984468671449923,0.9984402671947941,0.9984407937747096,0.9984368791417279,0.9984380462036884,0.9984408385991739,0.9984411055576138,0.9984997769553982,0.9985138331688486,0.9984406077837329,0.998464440870123,0.9984393939483399,0.9984391978494334,0.9984384107250969,0.9984383928249838,0.9984383999097328,0.9984374525132066,0.9984379838092065,0.9984383919821601,0.9984382689248936,0.9984368796230453,0.9984365811250024,0.9984351189324848,0.9984345462715796,0.9984334661036,0.9984330564705024,0.998432710814175,0.9984323537002764,0.9984316010434693,0.9984311055535924,0.998430550593383
2848.5,0.9943776930405861,0.9983569870187394,0.9978668099462544,0.9982793504088124,0.9982858411277875,0.99835636849827,0.9983854385245343,0.9983823565237494,0.9983855158805186,0.9983776061352424,0.9983770663921447,0.9983778733218418,0.998376054814047,0.9983690771445926,0.9983696178555758,0.9983654802861109,0.9983666814910542,0.9983696317175889,0.9983699070867836,0.9984312424069486,0.9984459316482572,0.9983693775630257,0.9983942816293965,0.9983680880562965,0.9983678811896016,0.998367065116211,0.9983670462392987,0.9983670535907044,0.9983660547831549,0.9983666064670954,0.9983670305783472,0.9983669026442861,0.9983654388653614,0.998365128390805,0.9983635881294094,0.9983629922416392,0.9983618546200973,0.9983614282112635,0.9983610642369498,0.9983606923705264,0.9983598999643829,0.998359383845228,0.9983587996702954
2849.0,0.9936485610203832,0.9982801194755584,0.9977691181589683,0.9981982909207996,0.9982050032441716,0.998279628859494,0.9983101952051372,0.9983070322523434,0.9983102710711096,0.9983018675976034,0.9983013216585006,0.9983021425730713,0.9983002793665838,0.9982928915843668,0.9982934468105391,0.9982890672468288,0.9982903038113392,0.9982934252875615,0.9982937094247694,0.9983578941270002,0.9983732600863164,0.9982931452677531,0.9983191940617178,0.9982917732872422,0.9982915547570571,0.9982907081343496,0.9982906881997755,0.9982906958330559,0.9982896413768416,0.9982902146421129,0.9982906556454513,0.9982905225373845,0.9982889782006512,0.998288655008826,0.998287030324592,0.9982864097549834,0.9982852100176861,0.9982847657704745,0.9982843819960382,0.9982839944333326,0.9982831590705173,0.9982826209907727,0.9982820052498469
2849.5,0.9933454617880196,0.9981977197378502,0.9976646049577904,0.9981113548635977,0.9981182994823508,0.9981973816120318,0.9982295615866281,0.9982263157218395,0.9982296341447828,0.9982206914697747,0.9982201405884401,0.9982209742755879,0.9982190656658809,0.998211231663279,0.9982118017749472,0.9982071589786752,0.9982084321370487,0.9982117398107219,0.9982120330878924,0.9982792702253053,0.9982953606992165,0.9982114310731669,0.9982387052572556,0.9982099690152945,0.9982097378255428,0.9982088589360995,0.9982088378539733,0.9982088457855129,0.9982077309714933,0.998208327106069,0.9982087860330392,0.998208647428978,0.9982070157821681,0.998206679069477,0.9982049629084557,0.9982043160767795,0.9982030490491173,0.998202585808245,0.998202180589025,0.9982017763030951,0.9982008944253405,0.9982003329352209,0.9981996830202927
2850.0,0.9944701739013915,0.9981092436303928,0.9975526248559956,0.9980179597752291,0.9980251479721081,0.9981090868697431,0.9981430102480413,0.9981396796373545,0.9981430772162921,0.9981335443272485,0.998132990076428,0.9981338349422058,0.9981318803676252,0.9981235597879659,0.9981241451345287,0.9981192153731692,0.998120526368964,0.9981240369362582,0.9981243397397342,0.9981948520891027,0.9982117194729364,0.9981236962518144,0.9981522842303939,0.9981221355946821,0.998121890634705,0.9981209776334795,0.9981209553036096,0.9981209635510705,0.9981197831322421,0.9981204035281669,0.998120881496158,0.9981207370466877,0.9981190105720346,0.998118659465183,0.9981168439756791,0.9981161691625551,0.9981148290860726,0.9981143455931932,0.9981139170993897,0.9981134949706387,0.9981125626200004,0.9981119761376207,0.9981112891483386
2850.5,0.9960255195743769,0.9980140784462591,0.9974324547811539,0.9979174492614463,0.9979248929337806,0.9980141370284613,0.9980499477341275,0.9980465307189802,0.9980500062592541,0.9980398257634607,0.9980392701026622,0.9980401240857208,0.9980381231683757,0.9980292707779803,0.9980298716790563,0.9980246283577139,0.9980259784326223,0.9980297105954119,0.9980300233253061,0.9981040558317731,0.9981217576837734,0.9980293342989447,0.9980593331655666,0.998027665464588,0.998027405492499,0.998026456395287,0.9980264327056882,0.9980264412881348,0.9980251894019319,0.9980258355659566,0.9980263337873169,0.9980261831126004,0.9980243534168993,0.9980239869651164,0.9980220633833354,0.998021358714433,0.9980199391632892,0.9980194340451213,0.9980189802353525,0.9980185390407235,0.9980175518025959,0.9980169385984033,0.9980162113004591
2851.0,0.995862828896752,0.9979115323510647,0.997303282707244,0.9978090814726805,0.9978167931515364,0.9979118463429364,0.9979497044097873,0.9979461995681099,0.9979497509350638,0.9979388580655096,0.9979383034238994,0.997939163890094,0.9979371164861143,0.9979276814343283,0.9979282981686726,0.9979227113962974,0.99792410177563,0.9979280765445516,0.9979283996136972,0.9980062222031502,0.9980248218924823,0.9979276604645922,0.9979591770897726,0.9979258726564509,0.9979255962795596,0.9979246089503041,0.9979245837754439,0.9979245927134813,0.9979232627904557,0.997923936355986,0.9979244561483208,0.997924298834699,0.9979223565201865,0.9979219736863756,0.9979199322021487,0.997919195630169,0.9979176894130649,0.9979171611678254,0.9979166797580928,0.9979162181587018,0.9979151710949479,0.9979145292738798,0.9979137580501862
2851.5,0.9922736037956249,0.9978008218348768,0.9971641943138292,0.9976920154404422,0.9977000083042143,0.9978014385924944,0.9978415224574225,0.9978379286795299,0.9978415525581651,0.9978298739936213,0.9978293233717039,0.9978301869841951,0.9978280932455718,0.9978180181893281,0.9978186509809983,0.9978126870572341,0.9978141189311229,0.9978183599839562,0.9978186938162997,0.9979006046364828,0.9979201720886748,0.9978178993590168,0.9978510516412448,0.9978159803694099,0.9978156860211075,0.9978146581579247,0.997814631356652,0.997814640672581,0.9978132253286519,0.9978139280691934,0.9978144708670263,0.9978143064631524,0.9978122409752571,0.9978118406258987,0.9978096702243908,0.9978088995084571,0.9978072985530457,0.9978067455349023,0.9978062339620188,0.9978057504889563,0.9978046380591273,0.997803965540095,0.997803146333277
2852.0,0.990397745207745,0.997681056792684,0.9970141572753051,0.997565294809927,0.9975735826898386,0.9976820324271793,0.997724541621242,0.9977208582040418,0.9977245497998838,0.9977120022586197,0.9977114593533701,0.9977123219120336,0.9977101823628192,0.9976994024266447,0.9977000514277276,0.9976936722333569,0.9976951467325372,0.9976996808397649,0.9977000258680282,0.9977863550257579,0.9978069675803533,0.9976991702183823,0.9977340885231745,0.9976971061995148,0.9976967921118697,0.9976957212316763,0.9976956926447682,0.9976957023627578,0.9976941932715455,0.997694927115868,0.9976954944838781,0.9976953224963071,0.9976931219433887,0.9976927028369854,0.9976903911113216,0.9976895837933313,0.9976878790094219,0.997687299410612,0.9976867547889299,0.9976862478269031,0.9976850637950438,0.9976843582872615,0.9976834865316391
2852.5,0.9909513402332601,0.9975512227114385,0.9968520026921701,0.9974278283909405,0.997436425765059,0.9975526238864285,0.9975977822060068,0.9975940089700336,0.9975977616359138,0.997584250192366,0.9975837195517566,0.9975845757940053,0.9975823914243861,0.997570832959584,0.9975714982286157,0.9975646604983592,0.9975661786630718,0.9975710361953994,0.99757139285779,0.9976625067204958,0.9976842501153814,0.9975704693162512,0.9976072981276854,0.9975682445066799,0.9975679086778058,0.9975667920994291,0.9975667615466702,0.9975667716929514,0.9975651594338651,0.997565926483133,0.9975665201312199,0.9975663400193657,0.9975639909583698,0.997563551732181,0.9975610846606934,0.9975602380380933,0.9975584191550599,0.9975578109852598,0.9975572300552513,0.9975566978236732,0.9975554351476024,0.9975546941231768,0.9975537646639734
2853.0,0.9917904456228539,0.9974101593103637,0.9966764030617369,0.9972783668027084,0.9972872887739406,0.9974120654551984,0.9974601247146386,0.9974562621496241,0.9974600669187554,0.9974454829794994,0.9974449701940242,0.9974458135469186,0.997443585929598,0.9974311650271792,0.9974318465021553,0.9974245009532143,0.9974260636933635,0.9974312792297025,0.9974316479653843,0.9975279540829826,0.9975509235761023,0.9974306488772009,0.9974695486804008,0.9974282452736437,0.9974278854286692,0.997426720254322,0.9974266875310116,0.9974266981340935,0.9974249720107571,0.9974257745579235,0.9974263963583988,0.9974262075287463,0.9974236947091869,0.9974232338639508,0.997420595544179,0.9974197066385173,0.9974177620111835,0.9974171230736169,0.9974165021404987,0.9974159426715449,0.9974145933707255,0.9974138140327977,0.9974128210297449
2853.5,0.9917729468181561,0.997256534812783,0.9964858460409717,0.9971154742998414,0.9971247365518427,0.9972590408595673,0.9973102853515028,0.9973063347977368,0.9973101797977969,0.9972943986564755,0.9972939105974471,0.9972947328680516,0.9972924643025969,0.9972790850027572,0.9972797824673189,0.997271872750157,0.9972734807943197,0.9972790938535375,0.9972794750964864,0.9973814277600918,0.9974057293884893,0.9972783916831026,0.9973195410786702,0.997275788644844,0.9972754021890119,0.9972741852840251,0.9972741501567828,0.9972741612476952,0.9972723090699042,0.9972731496217058,0.9972738016289611,0.9972736034284053,0.9972709094851497,0.9972704253674273,0.9972675976969945,0.9972666632174597,0.9972645795932662,0.9972639074569353,0.9972632423170672,0.9972626534301169,0.9972612084272418,0.9972603876728117,0.9972593244846006
2854.0,0.9903278495114505,0.9970888148105574,0.9962786030704133,0.996937494623554,0.9969471133464357,0.9970920345940555,0.9971467864152538,0.9971427502899997,0.9971466200054974,0.997129497874765,0.9971290429920011,0.9971298339791134,0.9971275276714862,0.9971130797972303,0.9971137928382175,0.997105254267168,0.997106908097352,0.9971129640232679,0.9971133581940224,0.9972214645566276,0.9972472165087386,0.9971121803489252,0.9971557783611285,0.9971093541186813,0.9971089380807132,0.9971076660514459,0.9971076282531471,0.9971076398657123,0.9971056476863257,0.9971065289882786,0.997107213461349,0.9971070051695043,0.9971041102523249,0.9971036010340236,0.9971005633259177,0.9970995796269111,0.9970973418652856,0.9970966338325676,0.9970959196847617,0.9970952989565057,0.9970937478866472,0.9970928822630155,0.9970917413081171
2854.5,0.9885972884100692,0.9969052244008045,0.996052691693712,0.9967425094065834,0.9967525011815458,0.996909294901346,0.9969679203425619,0.996963802423403,0.9969676767637786,0.9969490471542325,0.9969486358495069,0.9969493828548209,0.996947043141361,0.9969313996641486,0.9969321276181848,0.9969228856279181,0.9969245853960427,0.9969311364331792,0.9969315439278429,0.9970463704290589,0.9970737044589566,0.9969302599681026,0.9969765284312215,0.9969271830887985,0.9969267340521617,0.9969254032220444,0.9969253624456786,0.9969253746168151,0.9969232264126625,0.9969241514775141,0.9969248709060405,0.9969246517263303,0.9969215330509562,0.9969209967054932,0.9969177252219276,0.9969166882534939,0.9969142789859046,0.9969135320545862,0.9969127633926939,0.9969121081220291,0.9969104391015482,0.9969095247550601,0.9969082973432338
2855.0,0.9890104517351749,0.9967037019080109,0.9958058301068249,0.9965282872484318,0.9965386688767432,0.996708788571772,0.9967717058225259,0.9967675116029385,0.9967713647208265,0.9967510340001936,0.9967506790977905,0.9967513663078489,0.9967489989356608,0.996732012755222,0.9967327546413091,0.9967227229001184,0.9967244683209737,0.9967315749290381,0.9967319961046903,0.9968541746075767,0.9968832373346047,0.9967305924670141,0.9967797782340109,0.9967272330681777,0.9967267470872314,0.9967253534709717,0.9967253093621495,0.9967253221322133,0.996722999415076,0.9967239715552532,0.996724728689435,0.9967244977387312,0.9967211290399116,0.9967205633143598,0.9967170306990194,0.9967159359487001,0.9967133351646927,0.9967125459832961,0.9967117164654372,0.9967110236320535,0.9967092229773206,0.9967082555927759,0.9967069317200261
2855.5,0.9909915361960275,0.9964818420248375,0.9955353820837116,0.9962922210376075,0.9963030092943411,0.9964881454679313,0.9965558339551699,0.9965515710921116,0.996555369878857,0.9965331117964913,0.9965328291388157,0.9965334368401579,0.996531049319391,0.9965125493061292,0.9965133037403224,0.9965023818314209,0.9965041720452488,0.9965119045140334,0.9965123396694334,0.9966425721518313,0.9966735259457475,0.9965108005363542,0.9965631770175889,0.9965071214562975,0.9965065939534365,0.9965051332295134,0.9965050853772816,0.996505098790447,0.9965025801302145,0.9965036029948828,0.9965044008801432,0.9965041571766781,0.9965005080382486,0.9964999104206561,0.9964960850034226,0.9964949274277496,0.9964921119681156,0.9964912767830948,0.9964903790715864,0.9964896452868885,0.9964876971700509,0.9964866718987435,0.9964852399964359
2856.0,0.9936886401052555,0.9962368255738098,0.9952382899239987,0.9960312503862996,0.9960424616724652,0.9962445900727426,0.9963176018410548,0.9963132807202856,0.9963169828826409,0.99629253178077,0.996292340985786,0.9962928445637576,0.9962904466119332,0.9962702327159135,0.9962709978029424,0.9962590683589343,0.9962609017546221,0.9962693421990874,0.9962697915491954,0.9964088512992683,0.9964418742261243,0.9962680983868002,0.9963239655541952,0.9962640560868193,0.9962634817256013,0.9962619492073449,0.9962618971328587,0.9962619112375445,0.9962591716744433,0.9962602492918994,0.9962610913091189,0.9962608337583246,0.9962568687880199,0.9962562364689036,0.9962520814096407,0.9962508553530642,0.9962477982858242,0.99624691287886,0.9962459384431764,0.9962451598918399,0.9962430459171863,0.9962419572910137,0.9962404039171827
2856.5,0.9956695721347943,0.995965332258353,0.9949109924155346,0.9957417651020294,0.9957534149595668,0.9959748565580474,0.996053830215352,0.9960494646680593,0.9960530162589223,0.9960260586077901,0.9960259840368805,0.9960263526925329,0.996023956797278,0.9960017939690312,0.9960025671641336,0.9959894923053845,0.9959913662923984,0.9960006111315866,0.9960010747739426,0.9961498007302142,0.9961850847058809,0.9959992057569704,0.9960588872034959,0.9959947489706643,0.9959941214984144,0.9959925121041944,0.9959924552466727,0.9959924700960148,0.9959894804119314,0.9959906172381549,0.9959915071505171,0.995991234528375,0.9959869123355446,0.9959862421623196,0.9959817143903853,0.9959804134888766,0.995977083336551,0.9959761429497185,0.9959750818225508,0.9959742541925692,0.9959719528721637,0.9959707947005805,0.9959691041579135
2857.0,0.995652007057526,0.9956634316659563,0.9945493239512497,0.9954194843716947,0.995431586813383,0.9956750828091583,0.9957607607147642,0.9957563689294907,0.9957597011638016,0.9957298649457585,0.9957299369464713,0.9957301320444404,0.9957277541792264,0.9957033647695934,0.9957041427016909,0.9956897595836053,0.9956916702969498,0.9957018333521039,0.9957023112224543,0.9958615903321626,0.995899336189578,0.9957002405151911,0.9957640754235706,0.9956953085585482,0.9956946206099484,0.9956929288333484,0.9956928665325514,0.9956928821849289,0.9956896079947344,0.9956908089690562,0.995691750976763,0.995691461910141,0.9956867338318353,0.9956860222546348,0.9956810711476427,0.9956796882135092,0.9956760479905945,0.9956750472366004,0.9956738877100649,0.9956730061085821,0.9956704922093871,0.9956692574551045,0.9956674113153964
2857.5,0.994207019772055,0.9953264463156365,0.9941483898179136,0.9950593046707992,0.9950718712603738,0.9953406774294614,0.9954339270034585,0.9954295326912123,0.9954325578219553,0.9953993991401231,0.995399655649611,0.9953996285808555,0.9953972891193404,0.9953703433217351,0.9953711215662314,0.9953552367795957,0.9953571786969515,0.9953683950864204,0.9953688869001055,0.9955396172273308,0.9955800248716349,0.9953665837516555,0.995434910732379,0.9953611043963423,0.9953603472468809,0.9953585671282219,0.9953584986024645,0.9953585151220787,0.9953549157337448,0.9953561863427319,0.9953571851471218,0.9953568780904559,0.9953516865944717,0.995350929601416,0.995345495329307,0.9953440222128432,0.9953400282197157,0.9953389609736434,0.9953376892186967,0.9953367480701698,0.9953339917963024,0.9953326724245063,0.9953306489331414
2858.0,0.9946153604131328,0.9949487785827688,0.9937024111931003,0.994655107195495,0.994668145790748,0.9949661518695889,0.9950679921700903,0.9950636260589889,0.9950662320127103,0.9950292181004744,0.995029706724106,0.9950293961283971,0.9950271210176023,0.9949972247777126,0.9949979975633932,0.9949803800508632,0.9949823454941947,0.9949947765589372,0.994995281733385,0.9951783068312847,0.9952215581104101,0.9949927093327797,0.9950658381627464,0.994986596114129,0.9949857593687678,0.9949838844700359,0.9949838087884351,0.9949838262459431,0.994979853222107,0.9949811995729355,0.9949822604518856,0.9949819336593961,0.9949762103304202,0.9949754033698822,0.9949694148071275,0.9949678422295383,0.9949634425321108,0.9949623018001278,0.994960901386922,0.9949598943091984,0.9949568602715526,0.9949554470659228,0.9949532203916521
2858.5,0.9938864685837013,0.9945236907258438,0.9932045314224927,0.9941995126678475,0.9942130257095677,0.9945449073224556,0.994656542391798,0.9946522441521108,0.9946542875221772,0.9946127750641254,0.9946135557821328,0.9946128839229491,0.9946107061949512,0.9945773858287713,0.9945781456582302,0.994558517702181,0.9945604961869726,0.9945743357552763,0.9945748533073867,0.9947708567058839,0.9948170882204086,0.9945719673265413,0.9946501339135467,0.9945651161165922,0.994564187314349,0.9945622107005181,0.9945621267477546,0.9945621452209561,0.9945577405531484,0.9945591694579423,0.9945602983548851,0.9945599498473094,0.9945536128324466,0.9945527507191898,0.9945461227970606,0.9945444401475286,0.9945395726495391,0.9945383504087207,0.994536801698565,0.9945357213511716,0.9945323672614831,0.9945308495983398,0.9945283888825982
2859.0,0.9915805007126224,0.9940430237795271,0.992646572535814,0.9936835674637624,0.993697549654375,0.9940689627015948,0.994191823651626,0.9941876443843882,0.9941889412457436,0.9941421485686399,0.9941432972746214,0.9941421652897392,0.9941401270171746,0.9941028095344617,0.9941035466908321,0.9940815723850155,0.9940835497682942,0.9940990321673232,0.9940995605774723,0.9943089091622891,0.9943581722341219,0.9940963073069239,0.9941796071456357,0.994088591928428,0.9940875560373887,0.9940854702683427,0.9940853766996756,0.9940853962742485,0.9940804900526206,0.9940820091255274,0.9940832127550119,0.9940828402795483,0.9940757910300381,0.9940748678312081,0.9940674981611871,0.9940656932488835,0.9940602832339894,0.9940589702356907,0.9940572496059308,0.9940560875031846,0.9940523625095566,0.9940507280788595,0.994047996224291
2859.5,0.990566223711152,0.993496836529288,0.9920187274721919,0.9930963399074222,0.9931107750741156,0.9935286056404551,0.9936644040636538,0.993660409527998,0.9936607233613147,0.993607694592409,0.9936093077340657,0.993607589394539,0.9936057442284321,0.9935637320394278,0.9935644339435888,0.9935397043742217,0.9935416617370312,0.9935590720883507,0.9935596091201085,0.9937821371113239,0.9938343428761341,0.9935559230722834,0.9936442196274784,0.9935471896584144,0.9935460284276064,0.9935438255663471,0.9935437207498928,0.9935437415201697,0.9935382489444142,0.9935398667136384,0.9935411526872103,0.9935407536689863,0.9935328727632118,0.9935318816589591,0.9935236462048781,0.9935217049539227,0.9935156619359009,0.9935142474628005,0.9935123263136879,0.9935110725929686,0.9935069151476276,0.9935051496060938,0.993502101724874
2860.0,0.9901182216033263,0.992872939906655,0.991309168827251,0.9924243990372208,0.9924392559166392,0.9929119427678553,0.9930627388611178,0.9930590136685398,0.9930580394582648,0.9929975981568286,0.9929997988337026,0.9929973323291521,0.9929957487993876,0.9929481870733565,0.9929488374450305,0.9929208515677187,0.9929227637484893,0.9929424512505594,0.992942993711963,0.993177726508514,0.993232575986691,0.9929387945281221,0.9930316020458962,0.9929288542416188,0.9929275453658191,0.9929252170101688,0.9929250989525426,0.9929251210223207,0.9929189385518588,0.9929206645896894,0.9929220415671212,0.9929216130499487,0.9929127548165527,0.9929116879283859,0.9929024354362842,0.9929003415078563,0.9928935551773456,0.9928920267411643,0.9928898702180824,0.9928885133505698,0.9928838484669479,0.9928819350039244,0.9928785164219863
2860.5,0.9899603692310195,0.9921562948026138,0.990503548718229,0.9916511401114637,0.991666366734703,0.992204318355329,0.9923726081553949,0.9923692612228688,0.9923666045252487,0.9922972935656177,0.9923002395396641,0.9922968166706423,0.9922955824790679,0.9922414169193027,0.9922419946828371,0.9922101345879103,0.9922119682609983,0.9922343633653418,0.9922349067938857,0.9924797375291906,0.9925366398988498,0.9922300952435847,0.9923264410257532,0.9922187148575663,0.9922172308983628,0.9922147682443259,0.9922146344946038,0.9922146579779891,0.9922076583608253,0.992209503436309,0.9922109813092185,0.9922105198825899,0.9922005054607578,0.9921993536383464,0.9921888984484498,0.9921866327689323,0.9921789677636699,0.9921773107262788,0.9921748760713265,0.9921734024983823,0.992168138213064,0.9921660570035746,0.9921622006866353
2861.0,0.992942464903271,0.9913282327055148,0.9895843561068497,0.9907559120336833,0.9907714283552486,0.9913875619098644,0.9915763892584978,0.9915735608808217,0.991568710371418,0.9914887140322137,0.9914926082141612,0.9914879602278319,0.9914871878160262,0.9914251100440775,0.9914255879069211,0.9913890868338919,0.9913907980061045,0.9914164346239309,0.9914169728740648,0.991668324640245,0.991726311894964,0.9914114256827499,0.9915097050798459,0.991398315400234,0.9913966223921915,0.99139401633588,0.991393863861553,0.9913938888838668,0.9913859147367536,0.9913878909990357,0.9913894811173735,0.9913889828253891,0.9913775912061701,0.991376343759774,0.9913644565285574,0.9913619966949903,0.9913532858503659,0.9913514829450267,0.9913487173698555,0.9913471110425848,0.9913411338502253,0.9913388613612395,0.991334484594004
2861.5,0.9929249507169738,0.9903654498927719,0.9885300870632077,0.9897128934925117,0.9897285819552775,0.990439016314488,0.9906521164960196,0.9906499874518192,0.9906422792443578,0.9905493226978362,0.990554426751592,0.9905482059524555,0.9905480396635784,0.9904764168726662,0.9904767594966035,0.9904346606534518,0.9904361914409744,0.9904657355285592,0.9904662602394407,0.9907187924218726,0.9907764448426278,0.9904598234314506,0.9905576712524853,0.990444621207351,0.9904426768646365,0.9904399181423299,0.9904397431697138,0.9904397698685738,0.9904306254184512,0.990432746626016,0.9904344620841825,0.9904339223100088,0.9904208788145573,0.9904195231747673,0.9904059189439607,0.990403238466818,0.9903932741372734,0.9903913048582239,0.9903881428090953,0.9903863846008351,0.9903795535851321,0.9903770616898226,0.990372061806951
2862.0,0.9913351816280811,0.9892387205871122,0.9873141694551882,0.9884896617672735,0.9885053557679288,0.9893302915673279,0.9895722746499303,0.9895710777454412,0.9895596498511913,0.989450870987513,0.9894575226587967,0.9894492789837153,0.9894499041169478,0.9893666894575837,0.9893668511522796,0.9893179552954973,0.9893192298699337,0.9893535158104511,0.9893540157378954,0.9896004602239455,0.9896558637504858,0.9893464961681048,0.989440709453488,0.9893287477662063,0.9893264991999964,0.9893235785437582,0.9893233763548536,0.9893234048817444,0.9893128454536207,0.989315127280177,0.989316983291578,0.989316396607374,0.9893013582216605,0.9892998794991593,0.989284202510791,0.9892812698367166,0.9892697928508669,0.9892676326669642,0.9892639923441555,0.9892620592947022,0.9892541986592516,0.9892514534987975,0.9892457024520166
2862.5,0.9878924858688158,0.9879112811602173,0.985903566149892,0.987045412602779,0.9870608836323456,0.9880256923903212,0.9883022742613863,0.9883023085232372,0.9882860447277241,0.9881578345585924,0.9881664689759013,0.9881556212297269,0.9881572751042237,0.9880598961271055,0.988059818051738,0.9880026183217271,0.988003538036008,0.9880436138627539,0.9880440740840415,0.9882753100865507,0.98832607223707,0.9880352289228929,0.9881217856228007,0.9880143631604167,0.9880117440390483,0.9880086522691619,0.9880084169488383,0.9880084474719559,0.9879961664040292,0.9879986268850925,0.9880006412977952,0.9880000012633273,0.9879825383777008,0.9879809187803156,0.9879627235697532,0.9879595007988508,0.987946186707275,0.9879438060364595,0.9879395850600908,0.9879374493949137,0.987928339161268,0.9879252996733752,0.9879186372648231
2863.0,0.9844452323854453,0.9863368761192042,0.9842569607113213,0.9853288480388831,0.9853437942959168,0.9864802982109956,0.9867985840115535,0.9868002310993583,0.9867776964724301,0.9866255096676378,0.9866366837208157,0.9866224867686547,0.9866254713435634,0.986510697393126,0.9865103044197671,0.9864429090878588,0.9864433471407789,0.9864905281499297,0.9864909292180865,0.9866964157021108,0.9867397691876264,0.9864804535135481,0.9865546763002799,0.9864557530015915,0.9864526801752156,0.98644940801949,0.9864491321547486,0.9864491648649532,0.9864347779358705,0.9864374381910695,0.9864396322454027,0.9864389311257575,0.986418505780607,0.9864167238171895,0.986395452687106,0.9863918938520804,0.9863763365405778,0.9863736993921299,0.9863687696361134,0.9863663974812309,0.9863557623978556,0.986352378404179,0.9863446042159487
2863.5,0.9822848486892239,0.9844575712385519,0.9823224099692137,0.9832759095767,0.9832899534847527,0.9846377695468743,0.9850065829748879,0.985010323727872,0.9849797015435723,0.9847978532463088,0.9848122692254473,0.9847937825121377,0.9847984766627618,0.9846622759680421,0.984661473778099,0.9845815234809409,0.984581320328812,0.9846372465308662,0.9846375638184708,0.9848062367020564,0.9848392572410639,0.9846250772346029,0.9846819880242608,0.9845956472454502,0.984592017104899,0.9845885542435608,0.9845882285984476,0.9845882637224335,0.9845712922964779,0.984574177811788,0.9845765773383531,0.9845758056863071,0.9845517479641899,0.984549777313531,0.984524735881701,0.9845207845735608,0.9845024784676946,0.9844995406109756,0.9844937425883654,0.9844910922684663,0.9844785897461314,0.9844747994563323,0.9844656640649986
2864.0,0.9801292202006661,0.9822017222326828,0.9800343378802694,0.9808079163595962,0.9808206283943254,0.9824281968211959,0.9828584196491776,0.9828648448457936,0.9828239022121147,0.9826054021131124,0.9826239200436624,0.9825999921994951,0.9826068584363032,0.9824442791922579,0.982442953124156,0.9823475532466434,0.9823465158775508,0.9824131989841975,0.9824134028207234,0.9825351015590581,0.9825550569576775,0.982398438967703,0.9824333350069294,0.98236318256305,0.9823588679946419,0.9823552002101446,0.9823548134520526,0.9823548512815933,0.9823347080590783,0.9823378511192152,0.9823404885710456,0.9823396345715162,0.9823111224635581,0.9823089302909546,0.982279266614146,0.9822748525932455,0.9822531774428904,0.9822498838822187,0.9822430219320258,0.9822400416915403,0.9822252514319836,0.9822209781825472,0.9822101755884154
2864.5,0.9778239423324686,0.97948312155847,0.9773097674656664,0.9778315027533703,0.9778424890633887,0.9797668587915684,0.9802716782443187,0.9802814794369091,0.9802276267417159,0.9799641777273592,0.9799877913436705,0.9799570957827849,0.9799666691589364,0.979771830443107,0.9797698496064212,0.9796555692061799,0.9796534813849549,0.9797333057566529,0.9797333637218311,0.9798007713503324,0.9798056017825133,0.9797153705307572,0.9797246257529668,0.9796729900530345,0.9796678401447216,0.9796639422064138,0.9796634808735853,0.9796635218291756,0.9796395089554133,0.9796429534174504,0.9796458715056467,0.9796449198895762,0.9796109760361545,0.9796085203676377,0.9795732214818348,0.9795682556629968,0.9795424739428116,0.979538755354014,0.9795305967771009,0.9795272217009982,0.9795096437395086,0.9795047917559263,0.9794919578936216
2865.0,0.9748075625932218,0.9762036564139043,0.9740437943901356,0.9742434255262068,0.9742525533283968,0.976555914912541,0.9771507373251155,0.9771646474295642,0.977095232390023,0.9767776753486397,0.9768073978198473,0.9767685942857942,0.9767814275005511,0.9765478097255441,0.9765450437616653,0.9764080940764327,0.9764047523355986,0.9765003516704034,0.9765002358575885,0.9765111902352087,0.9765000943453316,0.9764786055297059,0.9764606607445847,0.9764276744787086,0.9764215217295955,0.9764173413272041,0.9764167904563642,0.976416835220911,0.9763881762912981,0.9763919869730097,0.9763952453366824,0.9763941755180454,0.976353710444293,0.9763509359271482,0.9763088723930928,0.9763032392150196,0.9762725283213048,0.9762682959432241,0.976258581045934,0.976254728904946,0.9762338049303264,0.976228253943241,0.9762129820399945
2865.5,0.9725071386455858,0.9722642518104732,0.9701046110490245,0.9699462907301415,0.9699541792355083,0.9726932615294983,0.9733947905709334,0.9734134160367522,0.9733265284412227,0.9729462927300399,0.9729828473250396,0.9729350150522639,0.9729515304704044,0.9726729408284854,0.9726693031602797,0.9725061181938703,0.9725014210005505,0.9726152769258831,0.9726149813751922,0.9725748276874656,0.9725488934181025,0.9725891462285279,0.9725455951614533,0.9725283377494971,0.9725210221442748,0.9725164465688182,0.9725157918089639,0.9725158415936485,0.9724817900326852,0.9724860705951393,0.9724897578760828,0.972488540761571,0.9724405010519683,0.9724373320948064,0.9723874108779843,0.9723809567055435,0.9723445196830969,0.9723396580872612,0.9723281348546542,0.9723237006928408,0.9722988879599201,0.9722924868329537,0.9722743808516399
2866.0,0.9686347621422553,0.9675926336040777,0.9653291324635196,0.9648853841793061,0.9648943262432031,0.9680963441587986,0.968919922240616,0.9689433734708633,0.9688396281392356,0.9683921452780737,0.9684352861805777,0.9683788714562929,0.9683990425243622,0.9680718920671586,0.9680674310141874,0.9678760238675723,0.9678701555807717,0.9680036602059436,0.9680032363490625,0.9679266073594298,0.96788937092628,0.9679728911134018,0.9679094801691229,0.967901506688006,0.9678929323572256,0.9678877262886827,0.9678869588898498,0.9678870159166015,0.9678471111623481,0.9678520355405151,0.9678562897568329,0.9678548826214324,0.9677986023215132,0.9677949326822971,0.9677364597286363,0.967728976452974,0.9676863046813067,0.9676806624582234,0.9676671688951881,0.9676620189117819,0.967632965971526,0.9676255267722633,0.9676043286003758
2866.5,0.9623343344260117,0.9621997909117663,0.9595219237832409,0.9591188611650227,0.959134216779109,0.962752480432923,0.963706441704171,0.96373366679153,0.9636195410728222,0.9631108255166488,0.9631580818924956,0.9630966472828509,0.96311943500642,0.9627471074758257,0.9627421644288285,0.9625247058064857,0.9625184502998253,0.9626701259383663,0.9626697424715576,0.9625807222261703,0.9625384385283734,0.962635263803043,0.9625624554421324,0.9625542296037116,0.9625444728331974,0.9625381807463375,0.962537307085991,0.962537375323608,0.9624919323602709,0.9624977911055571,0.9625028283183783,0.9625011680313511,0.9624370409699282,0.9624327210850961,0.9623660946499167,0.9623573020251104,0.9623086773995715,0.962302058985854,0.9622866805849631,0.9622806486716159,0.9622475316052082,0.9622388294979317,0.9622146623970135
2867.0,0.9571803630690796,0.9562720143579146,0.9524635092577397,0.9529220459372691,0.9529535135625188,0.9568048417719631,0.9578811586259148,0.9579090555808369,0.9578018567224602,0.9572585140223059,0.9573033604666943,0.9572461314358774,0.9572687527441215,0.9568681619139443,0.9568635704503419,0.9566302029631081,0.9566253265162756,0.9567881981957868,0.9567882133008417,0.9567172857335052,0.9566785127218133,0.9567512721285443,0.9566836991491241,0.9566645915919145,0.9566540607417541,0.956645904228742,0.9566449599453711,0.9566450458380996,0.9565958818133751,0.9566031242274053,0.9566092613097751,0.9566072600536858,0.9565377383666086,0.9565325702996045,0.9564603093628208,0.9564498547137039,0.9563970939029394,0.9563892656187319,0.9563725687610922,0.9563654668222872,0.9563294877945593,0.9563192818852619,0.9562930115354993
2867.5,0.9520218950679016,0.9502734798570601,0.9439403780170751,0.9468801057644831,0.9469408420077192,0.9506579380856708,0.9518217106580035,0.9518446880625621,0.9517770497684791,0.9512557682080783,0.9512860614009756,0.9512501058118105,0.9512677043402207,0.9508752766488296,0.9508724352548384,0.9506446166975867,0.9506439741207764,0.9508032817197333,0.9508042603124173,0.9507802390908326,0.9507541210199512,0.9507683338603792,0.9507220397087963,0.9506843008695351,0.9506738767924402,0.9506627771561038,0.9506618396285309,0.9506619517672195,0.9506130283349218,0.950622228929786,0.9506298513930369,0.9506274080863063,0.9505578862808836,0.9505516553353895,0.9504793069611983,0.9504668326764434,0.9504139422609116,0.9504046849867662,0.9503879224615513,0.9503795897274084,0.950343416441071,0.9503315226866541,0.9503050756095393
2868.0,0.9472940164372324,0.9449622117985625,0.9338184521459362,0.9418424997348136,0.9419430404865565,0.9450205096854776,0.946207810107991,0.9462194454068649,0.9462371675600034,0.9458219166856793,0.9458208923226346,0.9458297543134422,0.9458367814399503,0.9455060397482464,0.9455064922881651,0.9453152446466645,0.9453218814937346,0.9454563202278834,0.9454588549928595,0.9454957572816317,0.945488559148433,0.9454288672061518,0.9454153971027592,0.945359217617018,0.9453501822309902,0.9453351578517387,0.9453343400858458,0.9453344858668568,0.9452915981009767,0.945303218968854,0.9453126092068046,0.9453096583897733,0.945248053414609,0.9452406416231043,0.9451763420946682,0.9451616943257622,0.945114550541164,0.9451038026594722,0.9450888137525106,0.9450792358485188,0.9450467900130336,0.9450332395842488,0.9450094509169633
2868.5,0.944278547414963,0.9411724946666827,0.9221897499373173,0.9386052177119713,0.9387425592183607,0.940738873822424,0.9418761102354182,0.9418744139279824,0.9420204892759374,0.9417939112186553,0.9417461086686487,0.9418216206822609,0.9418159319763277,0.9415983566301358,0.9416026317267159,0.941477090703529,0.9414919013874832,0.9415815248503793,0.9415857752283923,0.9416704685482581,0.9416814018419912,0.9415661288941791,0.941585039904997,0.9415214032683384,0.9415149670232273,0.9414960157953574,0.9414954249515862,0.9414956034594274,0.9414642558201465,0.9414781637718741,0.9414891695165291,0.9414857707613778,0.941439627004202,0.941431209081022,0.9413827026330728,0.9413662704664955,0.9413304636992058,0.9413185390597821,0.9413070754633506,0.9412965541549924,0.9412715762560243,0.9412568252550543,0.9412384023003327
2869.0,0.9406924471860008,0.9393649734368765,0.9096082327335858,0.9374282216523901,0.9375788400209494,0.938374203534685,0.9394165269516039,0.9394105271208634,0.9397000766381091,0.9396977400144767,0.9395976600703749,0.9397479673471875,0.9397355692504475,0.9396515429588144,0.9396578814099249,0.9396086708768273,0.9396279530290342,0.9396655568560612,0.9396707683923062,0.9397639119919914,0.9397838391473425,0.93966259356693,0.939698611469343,0.9396456714198463,0.9396422897118186,0.9396212086267915,0.9396208857317173,0.9396210813590764,0.9396033991427861,0.939618452895129,0.9396302187245904,0.9396266246075013,0.9395989074596696,0.9395900883297305,0.9395604153566409,0.9395433469164468,0.9395210745051789,0.939508785764281,0.9395015403224127,0.9394907761704243,0.93947475685681,0.9394597688629236,0.9394477974759883
2869.5,0.9392490405718331,0.939283488779332,0.897350465086175,0.9378124711851874,0.9379392411088648,0.9378066991702231,0.9387644567517197,0.9387750287274798,0.9391833645001796,0.9393709300866184,0.93922657031222,0.939441198183529,0.9394364657806594,0.9394622813852755,0.9394666718199133,0.939479213148579,0.9394949113861141,0.9394905262976294,0.9394950820331072,0.9395523112278282,0.9395684703077278,0.9394952680932025,0.9395260308991245,0.9394990958320749,0.9394981948165994,0.9394783281290621,0.9394782235638665,0.9394784084113112,0.9394718794500568,0.939486123769021,0.9394972485767326,0.9394938550323252,0.9394812344475378,0.9394729223442186,0.9394586773936804,0.9394426253647258,0.9394314447190226,0.9394199149205289,0.9394161317760339,0.9394060556980474,0.939397403611911,0.9393834099368611,0.9393767530661644
2870.0,0.9396628555095281,0.9400865890631876,0.8874627801952824,0.9387921036358451,0.9388619362395438,0.9382780871643213,0.9392044674974074,0.9392554708188557,0.9397333086202134,0.9400311857316753,0.939858559233677,0.9401158321866364,0.9401351725047181,0.9402200008433544,0.9402179665798187,0.9402628460435439,0.9402661823012154,0.9402399142833539,0.9402420600816965,0.9402420396232982,0.9402460652967155,0.9402452184516567,0.9402553411398608,0.9402573616088461,0.940257758689023,0.9402425244160025,0.9402425345721919,0.9402426806097627,0.9402420242173248,0.9402535354135821,0.9402626716304189,0.9402598507160714,0.9402552222260665,0.94024824951923,0.9402421723448329,0.9402286127820472,0.9402233098837461,0.9402135160381451,0.9402115726609757,0.940202973300687,0.9401982489829105,0.9401862634887833,0.9401824486921926
2870.5,0.9410730547772157,0.9408364206263418,0.8822440655552364,0.9394607600773266,0.9394614048381202,0.9388574760460849,0.9398106865144892,0.9399152715779989,0.9404148758162945,0.9407426126153828,0.940557573850944,0.940835577733388,0.9408886302236739,0.9409827166947212,0.9409716628962296,0.941020690812762,0.9410067280402594,0.9409777936081493,0.9409765495374236,0.9409335364191133,0.940926167443874,0.9409779525857369,0.9409677583540919,0.9409873453226679,0.9409878994217723,0.94097908295863,0.9409791073920962,0.9409792002922189,0.940979284614327,0.9409871097665252,0.9409936148572664,0.9409915368848447,0.9409879586719049,0.9409826893556485,0.9409776849453586,0.9409672314693205,0.9409627067376375,0.9409550327789022,0.9409533387183854,0.9409465070663711,0.940942330237152,0.9409327000270329,0.9409292916684214
2871.0,0.9414821451123665,0.9409318096035637,0.8831573913417785,0.9393396899702599,0.9392911454851164,0.9389245664797452,0.9399333665727724,0.9400815875646619,0.9405710196377978,0.9408735339831185,0.940688308232701,0.9409691482281721,0.9410514861856665,0.9411227989983812,0.9411038883563837,0.9411392099161393,0.9411103846124814,0.9410909196185855,0.9410867791836619,0.9410404793658682,0.9410300754134274,0.9410841829609341,0.9410676574664741,0.9410851821813829,0.9410851659484836,0.9410816984248385,0.9410816727701224,0.941081721702505,0.9410792465013547,0.9410840591484231,0.9410884460597368,0.941086957697576,0.9410799261533607,0.9410759900043482,0.9410674439451089,0.94105938837393,0.941052314650628,0.9410462548478465,0.9410437680608258,0.9410382635118062,0.9410324093898155,0.941024521383348,0.9410199094048388
2871.5,0.9393278062107284,0.9403041606469534,0.889933892976081,0.9385106799564249,0.938471901769277,0.9384169082532193,0.9394603133902745,0.9396102153597866,0.9400720674989895,0.9403218345678085,0.9401467317340582,0.9404135181734176,0.9405014819811033,0.9405381523435189,0.940517612835104,0.940532859633641,0.940501364432465,0.9404956365723203,0.9404910253316497,0.9404826037114751,0.9404795848066009,0.9404851972961048,0.9404806764759996,0.940478576027539,0.9404777317544317,0.9404749521492625,0.9404748532855498,0.9404748967905655,0.940468663645843,0.9404731523151141,0.9404773547052316,0.9404759073315551,0.9404637378442887,0.9404598740679393,0.9404460400384744,0.9404380808639334,0.9404271815274148,0.9404211636666826,0.9404174779115868,0.9404119872631613,0.9404035739198123,0.9403956753807385,0.9403892110886437
2872.0,0.9377395427748723,0.9394351455058739,0.9007477227904056,0.9375967093384822,0.9376609889901207,0.9378510104601258,0.9388543141479384,0.9389315412365468,0.9393553153574171,0.9395440780164841,0.9393904185692713,0.9396229322541082,0.9396728486515918,0.9396790595871023,0.9396683726199705,0.9396662773553921,0.939654229906574,0.9396602512100891,0.9396595359168591,0.9397064128720035,0.9397169537653967,0.9396539558830534,0.939673326662342,0.9396461051566403,0.9396445588144212,0.9396343193809735,0.9396341581352924,0.9396342631561421,0.9396248124212043,0.9396335990762582,0.9396409038171677,0.939638574373302,0.9396219383829592,0.939616046463575,0.9395975825906328,0.9395859210786641,0.9395716439775453,0.9395630964240529,0.9395583419311758,0.9395507364061422,0.9395400185311278,0.9395292940906561,0.9395211448967271
2872.5,0.9385790093822493,0.9392119694652061,0.9132787369551202,0.9375699727204038,0.9378347050289129,0.9381266651615952,0.9389837577243461,0.9389017277016216,0.9392784439270314,0.9394091617738987,0.9392891714630284,0.93946497020124,0.9394238821309027,0.9394136071720197,0.9394267074929898,0.9394155343322598,0.9394493696092797,0.9394613501556512,0.9394697043316338,0.9395522471314528,0.9395742910874196,0.9394692684091558,0.9395108237387166,0.9394695420998498,0.9394676621377155,0.9394405339729226,0.9394403429462554,0.939440586718853,0.939429586195816,0.9394479655595713,0.9394621090848436,0.9394578547981283,0.9394389888651636,0.9394287088033854,0.9394078874235974,0.9393882755427291,0.9393722392050398,0.9393582986061283,0.93935297381196,0.9393408936009603,0.9393289144411207,0.9393122571471697,0.9393031627254511
2873.0,0.9415607490928884,0.9405487253907071,0.9256803106039383,0.9393157102543888,0.9398292353786388,0.9400833452186663,0.9407080707668843,0.9404115856212939,0.9407341296156477,0.9408160666421039,0.9407381710411573,0.9408416806674204,0.9406727886474531,0.9406618125264037,0.9407084216912269,0.940697372313986,0.9407949945663456,0.9408065353265146,0.9408273988119117,0.9408988715830454,0.9409231324103309,0.9408359561838987,0.9408853307587856,0.9408518996261448,0.9408501018531108,0.9408000932368593,0.9407999097279083,0.9408003411064907,0.9407897203232762,0.940820995645436,0.9408442738614159,0.9408374615747545,0.9408190287304504,0.9408029416961208,0.9407825046619988,0.940752408944047,0.9407365957294455,0.9407155667692618,0.9407102920400792,0.9406923505815317,0.940680430756186,0.9406560291279713,0.9406469421479385
2873.5,0.946394647664269,0.9438755267670366,0.9369053260618121,0.9431247660058077,0.9438514264965895,0.9439950224209982,0.9443689660133346,0.9438716642064761,0.9441384514753939,0.9441840256119299,0.9441474334420474,0.9441799711662919,0.9438869459203288,0.9438852487987585,0.9439644542171152,0.9439592883551098,0.9441181159352572,0.9441252368755784,0.9441579975433401,0.9441740325993331,0.9441898716571949,0.9441760581144371,0.9442154058117811,0.9442090113030989,0.9442075660273865,0.9441362777717289,0.9441361265766469,0.9441367319622279,0.9441277995342893,0.9441709591568115,0.9442025973569597,0.9441934568554582,0.944177355857816,0.9441560077298603,0.9441379530850235,0.9440983949820919,0.9440842829830511,0.9440568782228554,0.9440521270072432,0.9440289321357788,0.9440181034365228,0.9439867849029184,0.9439784670262108
2874.0,0.9498064608102486,0.9488885081718604,0.9465615230537479,0.9485412248266688,0.9493830503273564,0.9494188934263361,0.949591958138861,0.9489686013046367,0.949184950698564,0.9492067520177971,0.9492015759407331,0.9491810664396869,0.9488065008757719,0.9488155806698108,0.9489161850300938,0.9489177280413367,0.9491158862485359,0.9491180260135759,0.9491583119244296,0.9491024263412939,0.9491040920656759,0.9491830096800082,0.9492014862536207,0.9492279651349345,0.9492269267774046,0.9491428063118286,0.9491426930915197,0.9491434026015251,0.9491364923295036,0.9491866680807286,0.9492231719176107,0.9492126926531265,0.9491995363089032,0.9491751950072687,0.9491602227567077,0.9491153309566632,0.9491034794198668,0.9490725117101171,0.9490684764065085,0.9490423716068025,0.9490330820035233,0.948997965199998,0.9489907673969143
2874.5,0.9534987898170117,0.9547987360692435,0.9546425708842922,0.9547057377299679,0.9555581399581176,0.9555272990951058,0.9555768556440211,0.9549183367195206,0.955093641991828,0.9551019108944598,0.9551149300924745,0.9550652849540687,0.9546645350534001,0.954680502257029,0.9547878946276924,0.9547938663832496,0.955003494536138,0.9550022274070428,0.9550445481668728,0.9549313084380504,0.9549199533038624,0.955071744897344,0.955069621324179,0.9551212337238424,0.955120514360095,0.9550338617242464,0.9550337791847484,0.9550345077867683,0.9550292785271121,0.9550805943492648,0.9551177819584511,0.9551071408066746,0.9550965991588861,0.9550719495548873,0.9550597823879898,0.9550144279193054,0.9550046839802887,0.954973462443539,0.9549701109794171,0.9549438449738115,0.9549360612894342,0.9549007933406377,0.9548947170858247
2875.0,0.9599084342542044,0.9607984986934098,0.9613167285508958,0.9608249437366214,0.9616156627643063,0.961559820135921,0.9615521122575577,0.9609269748277702,0.9610708435284145,0.9610724416812877,0.9610927111926317,0.9610335523274814,0.9606500267174614,0.9606681016170533,0.960770800679163,0.9607784128850816,0.9609779307597912,0.960975183413471,0.9610153230860585,0.9608768102607168,0.9608583726626571,0.9610416602182811,0.9610275063742528,0.9610895717421093,0.9610890508347061,0.9610076259937275,0.961007563552535,0.9610082472738636,0.9610041705991558,0.9610522287147163,0.9610869875910343,0.9610770569817685,0.961068481446949,0.9610455077502436,0.961035513117624,0.9609932878225979,0.9609852209925117,0.9609561812452313,0.960953387984926,0.9609289800295641,0.9609224553503464,0.9608897104401338,0.9608845925027688
2875.5,0.965742568834072,0.9663472608148604,0.9668043346019259,0.966406599895062,0.9671018902997676,0.9670477793565578,0.9670242152170858,0.9664681076212035,0.9665882822652551,0.9665871064980927,0.9666079342162984,0.9665510249289386,0.9662081745059213,0.9662250644719678,0.9663168632147364,0.9663241795801306,0.9665021049630972,0.9664992306568607,0.9665349701289239,0.9664056450704397,0.9663875455954744,0.9665585811710143,0.9665439949566208,0.9666015092086504,0.9666010940998226,0.9665288685592397,0.9665288178341092,0.9665294240442898,0.9665260681894937,0.9665686423486399,0.9665994093456056,0.9665906247068288,0.9665834361388911,0.9665631236060493,0.9665547129053425,0.9665173930281815,0.966510583879879,0.9664849260638131,0.9664825620628328,0.9664610035008938,0.9664554689566444,0.9664265553062309,0.9664222058693158
2876.0,0.9711508887002054,0.9711997374829665,0.971319730307193,0.971248919377017,0.9718422354966294,0.9718021984812634,0.9717830438807219,0.9713063574481298,0.9714084344628777,0.9714063979504252,0.9714246482347103,0.9713752331825344,0.971080534440184,0.9710946898815942,0.9711736147044225,0.971179696152586,0.971332533736697,0.9713302121983207,0.9713608985907118,0.9712683737476797,0.9712570844042206,0.9713811426340249,0.9713765852466335,0.9714179160878702,0.9714175522427436,0.9713555739232722,0.9713555297889647,0.9713560500308628,0.9713531408245631,0.971389672139813,0.9714160680686105,0.9714085319645522,0.9714023262555527,0.9713849009940978,0.971377648069619,0.9713456321256445,0.9713397654427482,0.9713177532148616,0.9713157177564676,0.9712972217042455,0.971292458777446,0.9712676516653574,0.9712639102256501
2876.5,0.9754131676757553,0.9753120953005756,0.9750492868096993,0.9753353622888695,0.9758343165359876,0.9758116862112235,0.9758042603013665,0.9754033543931815,0.975491254959937,0.9754891621781066,0.9755038586415212,0.9754632687072035,0.9752150736651871,0.975226116872169,0.9752926155322268,0.975297195713744,0.9754259710275629,0.9754244250710372,0.9754502863892384,0.9754119083706883,0.9754118023642875,0.9754672330194168,0.9754799193279574,0.9754979792623977,0.9754976398708834,0.9754453355738482,0.9754452953389636,0.9754457345453748,0.975443119081335,0.9754739687112458,0.9754962650449146,0.9754898976426443,0.975484418729195,0.9754696917859529,0.9754633149740786,0.975436249408609,0.9754311085552331,0.9754124950287821,0.9754107162587957,0.9753950721378228,0.9753909192805781,0.9753699323513019,0.9753666762809807
2877.0,0.9766821077999066,0.97874294287115,0.9781467283806733,0.9787383122740216,0.979155829291094,0.979149550195432,0.9791547326770649,0.9788201488948997,0.9788966576909919,0.9788947721658892,0.9789059937650334,0.9788736889328294,0.9786664395401661,0.9786745832147261,0.9787301414514896,0.9787332967979265,0.9788409461878123,0.9788401624479579,0.9788617954056408,0.9788847815857386,0.9788979245421792,0.9788758253094769,0.978909236894389,0.9789012408537228,0.9789009147880324,0.9788570500568187,0.978857012444459,0.9788573809926782,0.9788549788809113,0.9788808795138233,0.9788996085822652,0.978894257337474,0.9788893452004649,0.9788769629308628,0.978871277825794,0.9788485117786585,0.9788439492112366,0.9788282863297713,0.9788267135654765,0.9788135444000998,0.9788098840611099,0.9787922110928103,0.9787893487227319
2877.5,0.9798030059641908,0.9815882852656177,0.9807355893720692,0.9815594313217761,0.9819090941409472,0.9819164844245823,0.9819325438120887,0.9816535419870913,0.9817207023863023,0.9817190561240944,0.9817272893246086,0.9817020485775371,0.9815292207844073,0.9815348983330533,0.9815812577712886,0.981583197354778,0.9816731041699088,0.9816729741307297,0.9816910582459194,0.981774347856607,0.9818008126780213,0.9817026355717993,0.9817569744762396,0.9817235697637693,0.9817232534623545,0.981686463258632,0.9816864277039287,0.9816867370249907,0.9816845059680245,0.981706259496494,0.9817220002368449,0.9817175000652889,0.9817130508293689,0.981702632053644,0.981697513509572,0.9816783477145515,0.9816742597768712,0.9816610675212617,0.9816596641193117,0.981648567156751,0.981645312281643,0.9816304138353987,0.9816278759248859
2878.0,0.9847804409196288,0.9839479390148886,0.9829139425851293,0.9839001182687269,0.9841941839742779,0.9842122928207131,0.9842367848294912,0.9840033842834686,0.9840627495523648,0.984061292827429,0.9840671130097288,0.9840476121636487,0.9839030680747277,0.9839067461652422,0.9839455448918226,0.9839465032657168,0.9840218306033031,0.98402222306596,0.9840373910268072,0.9841741009928449,0.9842125051871574,0.9840469576737305,0.9841200142567105,0.9840642192254201,0.9840639122705711,0.9840329385220677,0.9840329047817974,0.9840331653975317,0.9840310816479084,0.9840494244701631,0.9840627073105715,0.9840589072295767,0.9840548489693932,0.984046045570984,0.9840414039005233,0.984025200477787,0.9840215110056709,0.9840103519320151,0.9840090904342954,0.9839996990036206,0.9839967833265103,0.9839841687435471,0.9839819019260738
2878.5,0.9896174020952957,0.9859114555069013,0.9847593087546654,0.9858497452413182,0.9860985452570247,0.9861247115368299,0.9861552914651505,0.9859589692901127,0.9860117560508281,0.9860104226024768,0.9860143607699566,0.985999407682001,0.9858778755146984,0.9858799756212564,0.985912620605529,0.985912812281368,0.9859762699428611,0.9859770623803353,0.985989855289872,0.9861697181017133,0.9862177985949265,0.9859977924295444,0.9860858953895684,0.9860120789503277,0.9860117819515251,0.9859855529995339,0.9859855209599466,0.9859857418291901,0.9859837902785334,0.9859993488162397,0.9860106245448722,0.9860073963310615,0.9860036757351751,0.9859961922372592,0.9859919596082241,0.9859781773640831,0.9859748279451576,0.9859653310488277,0.9859641901726257,0.9859561934049967,0.9859535651371601,0.9859428185713103,0.9859407808715448
2879.0,0.9900255213191905,0.9875540146373118,0.9863329767881001,0.9874826981038826,0.987694655897322,0.987726676262052,0.9877613781081788,0.9875951469643186,0.9876423301920444,0.9876410618107734,0.9876435618890722,0.9876321655181066,0.9875293107807473,0.9875301854041871,0.9875578336413376,0.9875574385934912,0.9876112525417499,0.9876123416598288,0.9876232037276859,0.9878346509386294,0.9878897724841703,0.9876298250541085,0.9877286868186674,0.9876417106592718,0.9876414243514557,0.9876190615072461,0.9876190310978664,0.9876192195658503,0.9876173890665327,0.9876306767601227,0.9876403147460523,0.9876375533568532,0.9876341286037091,0.9876277229821792,0.9876238458083645,0.9876120414929225,0.9876089857664813,0.9876008472063611,0.9875998100004119,0.9875929533219464,0.9875905711023508,0.9875813520356744,0.9875795098604099
2879.5,0.9900080696655678,0.9889367109507142,0.9876835451283628,0.9888591712521083,0.9890410473643141,0.9890771759027636,0.9891144568436998,0.9889727002748445,0.9890150745249657,0.9890138277226797,0.9890152432242948,0.9890066116130513,0.9889189453043816,0.9889188781380792,0.9889424611501955,0.9889416240207065,0.9889875859126754,0.9889888889344144,0.9889981776768255,0.9892299133462554,0.9892894605291049,0.9890037354658804,0.9891091038483446,0.9890136818452938,0.989013406764953,0.9889942026381515,0.9889941737969736,0.9889943357778833,0.9889926170570462,0.9890040473316977,0.9890123450007121,0.9890099658478533,0.9890068027625363,0.9890012801059997,0.9889977146997646,0.9889875313138193,0.9889847315442787,0.98897770657953,0.9889767592623039,0.9889708375984342,0.9889686678298832,0.9889607019324521,0.9889590280131453
2880.0,0.9908463929655685,0.9901084285458995,0.9888497251891577,0.9900272388966471,0.9901844260841437,0.9902233131740159,0.9902620084350221,0.9901402498024792,0.9901784706888557,0.9901772162663564,0.9901778215056073,0.9901713344804591,0.9900960740357456,0.990095288880219,0.9901155497857275,0.9901143842007014,0.9901539235583684,0.9901553759586517,0.9901633767033046,0.9904054089998192,0.9904670480829116,0.9901680717342343,0.9902761635410742,0.9901764463005005,0.9901761827132307,0.9901595721005231,0.9901595447623341,0.9901596849828967,0.9901580697647947,0.9901679731170455,0.9901751682878293,0.9901731037204617,0.9901701736125155,0.9901653780046038,0.9901620879676115,0.9901532398775719,0.9901506647898947,0.9901445575667625,0.9901436887604195,0.9901385379703468,0.9901365529979478,0.990129620659848,0.990128092602669
2880.5,0.9918296513938913,0.9911080422853629,0.9898625221024979,0.9910251121897141,0.9911619096594478,0.9912025275791639,0.9912417805231293,0.9911364587168099,0.9911710723777859,0.9911697927100847,0.991169797561582,0.9911649742617066,0.9910999059433546,0.9910985775687672,0.991116107760657,0.9911147018949744,0.9911489568663566,0.9911505091493105,0.991157449170954,0.9914016320158784,0.9914634525633613,0.9911614407154106,0.991269174298264,0.9911685348828787,0.9911682828080488,0.9911538147382055,0.9911537888324796,0.9911539110654632,0.9911523917277483,0.9911610320489542,0.9911673146783989,0.9911655106433322,0.9911627890068849,0.9911585958334059,0.9911555503865906,0.9911478092414803,0.9911454325730126,0.9911400864756014,0.9911392866757178,0.9911347754711468,0.9911329522870641,0.9911268778130116,0.9911254770458727
2881.0,0.9926679130322081,0.9919664449579012,0.9907469174303891,0.9918831649469554,0.9920030093166136,0.9920445833366222,0.9920837770382999,0.9919920540792212,0.9920235189486833,0.992022204971036,0.992021768793892,0.9920182378610105,0.991961597760659,0.9919598620127131,0.9919751328766439,0.9919735547129731,0.9920034330413471,0.9920050476184991,0.9920111082893105,0.9922512935882053,0.9923118533630306,0.9920145228061759,0.9921195895873773,0.9920205679054065,0.9920203271696955,0.9920076410129929,0.9920076164652217,0.992007723728855,0.9920062931800696,0.9920138816784717,0.9920194038653986,0.9920178170655002,0.9920152827335924,0.9920115921425614,0.9920087649840456,0.9920019477507008,0.9919997472285373,0.9919950366853982,0.9919942978777629,0.9919903209646249,0.9919886402557315,0.991983282699669,0.9919819936878562
2881.5,0.9929356590623063,0.9927082468926155,0.9915231642253569,0.9926256121591137,0.9927312631843137,0.9927732139279943,0.992811913089599,0.9927315180923902,0.992760221473778,0.9927588700758684,0.9927581134028531,0.9927555881852641,0.9927059653337309,0.9927039276328607,0.9927173163749045,0.992715618151996,0.9927418467408466,0.9927434952675575,0.9927488219244732,0.9929807411069014,0.9930390430161415,0.9927517601587149,0.9928525837535581,0.9927569404321781,0.9927567107242966,0.9927455168369552,0.9927454935708161,0.9927455882903174,0.9927442399299686,0.9927509464009808,0.9927558304797002,0.992754426075868,0.9927520606262362,0.9927487922406925,0.9927461607180351,0.9927401200106332,0.9927380765965167,0.9927339004597308,0.992733215833738,0.9927296883713139,0.9927281338002379,0.9927233795619596,0.9927221892119223
2882.0,0.9949194996929049,0.993353138920731,0.9922077844904929,0.9932718481315146,0.9933655346566528,0.9934074321755471,0.9934453369214276,0.9933744430219225,0.9934007139850017,0.9933993259814033,0.9933983398092866,0.9933965986877203,0.9933528584806566,0.9933506006374588,0.9933624106990356,0.9933606324847082,0.9933837965476326,0.9933854577786273,0.9933901675141708,0.993611155683548,0.993666584615779,0.9933927101123523,0.9934883397462162,0.9933971729962674,0.9933969539133087,0.9933870183661596,0.9933869963055275,0.9933870804405474,0.9933858081437241,0.9933917698602795,0.993396114783782,0.9933948645827745,0.9933926518928273,0.9933897406418405,0.9933872851242777,0.9933819015794492,0.9933799988929516,0.9933762752178998,0.9933756389465378,0.9933724921789389,0.9933710498302349,0.9933668068186529,0.9933657040175669
2882.5,0.9978945718725122,0.9939169613039585,0.9928143395932895,0.9938374928884134,0.9939210262877491,0.9939625543807524,0.9939994647352426,0.9939365933337039,0.9939607129110013,0.9939592915498778,0.9939581445164551,0.993957015668988,0.9939182402295978,0.993915825779569,0.9939263027394883,0.9939244752260621,0.9939450487764616,0.9939467068896229,0.9939508946191146,0.994159550243892,0.9942117928230101,0.9939531065023379,0.9940430830562983,0.9939569706345887,0.9939567617180695,0.9939478944013251,0.9939478734718282,0.9939479486157273,0.9939467467201873,0.9939520753586144,0.9939559616713871,0.9939548427139937,0.9939527686116281,0.9939501614821278,0.9939478648686149,0.9939430412043121,0.9939412650711533,0.9939379270487643,0.9939373341164227,0.9939345119683071,0.9939331699151642,0.9939293629996226,0.9939283382552654
2883.0,0.9967360718927099,0.9944125332066943,0.9933540277602915,0.9943352031408579,0.9944100651277102,0.9944509939821182,0.9944867830776967,0.9944307297598294,0.9944529391039402,0.9944514890135995,0.9944502328592314,0.9944495826093518,0.994415024634047,0.9944125029631937,0.9944218468468126,0.9944199935091171,0.994438362963794,0.9944400062700428,0.9944437494293611,0.9946395957008728,0.9946885594592209,0.9944456831749566,0.9945299051207286,0.9944490445886279,0.9944488453511446,0.9944408907569142,0.9944408708870135,0.9944409383438073,0.9944398016327686,0.9944445886414539,0.9944480823347958,0.994447075801112,0.9944451277820407,0.9944427812998489,0.9944406286246343,0.9944362850321374,0.9944346231241101,0.99443161592547,0.9944310619911934,0.9944285184267105,0.9944272663877938,0.9944238338687802,0.9944228790248959
2883.5,0.9930106064782367,0.9948502937920393,0.993836149734746,0.994775298899381,0.9948427094917867,0.9948828748404129,0.9949174689316633,0.994867246219475,0.9948877531887539,0.9948862796570347,0.9948849533492893,0.9948846773045837,0.9948537243930559,0.9948511339116348,0.9948595087058252,0.9948576474568473,0.9948741298871336,0.9948757498450468,0.9948791120242433,0.9950622995484484,0.9951080415193354,0.9948808104760644,0.9949594160488641,0.9948837473807668,0.9948835573250265,0.9948763874095905,0.9948763685312567,0.9948764293752133,0.994875353055126,0.9948796738138646,0.994882829313484,0.9948819196743939,0.9948800866686844,0.9948779649456799,0.9948759430570459,0.9948720136279551,0.9948704551720706,0.9948677335013373,0.9948672147889892,0.9948649117632401,0.994863740828187,0.9948606316994122,0.9948597397087058
2884.0,0.9914220687234022,0.9952387977108512,0.9942684736328607,0.9951662479170043,0.9952272181735413,0.9952665054562764,0.9952998691059265,0.9952546621345234,0.9952736466492167,0.9952721551459476,0.9952707879847367,0.9952708043084805,0.9952429513524417,0.9952403219333392,0.9952478629534458,0.9952460074120575,0.9952608646808105,0.9952624551463574,0.9952654889053305,0.9954365575474846,0.9954792268732461,0.9952669871911436,0.9953402601624396,0.9952695636686981,0.9952693823006925,0.9952628909457445,0.9952628729948274,0.9952629281167262,0.9952619077913073,0.9952658248407737,0.9952686873271528,0.9952678616851403,0.9952661338619297,0.99526420707859,0.9952623043742468,0.9952587343234646,0.995257269864644,0.9952547960567406,0.9952543092659715,0.9952522151322151,0.9952511175401788,0.9952482893593938,0.9952474541010365
2884.5,0.9931158727242753,0.9955850989775946,0.994657522421668,0.9955150412598617,0.995570414362395,0.9956087466932981,0.9956408718333912,0.9956000039121633,0.9956176223377506,0.9956161182099754,0.9956147321640997,0.9956149764615597,0.9955898041976899,0.9955871590519729,0.9955939786654604,0.9955921391276612,0.9956055888784154,0.9956071455339806,0.9956098945922175,0.9957695968390214,0.9958093921452713,0.9956112216878068,0.9956795217611101,0.9956134905578072,0.9956133173956345,0.9956074160939966,0.9956073990103721,0.995607449153548,0.9956064807957343,0.995610046354643,0.9956126535722086,0.995611901147241,0.9956102697500238,0.995608512971609,0.9956067191789437,0.995603462677724,0.9956020838836175,0.9955998264195062,0.9955993686530217,0.9955974569192585,0.9955964258789027,0.9955938431054178,0.9955930592372685
2885.0,0.9959551239149896,0.9958950495397884,0.9950088017204444,0.9958274856798596,0.9958779690967812,0.995915298112092,0.9959461959860088,0.9959091017147702,0.99592549046893,0.9959239787563612,0.9959225902238331,0.9959230116459806,0.9959001699203408,0.9958975270436408,0.995903719137498,0.9959019033220573,0.995914127561113,0.9959156474804776,0.995918148428029,0.9960673274649813,0.9961044674517017,0.995919328375152,0.9959830434787694,0.9959213334265012,0.9959211680060278,0.9959157824848881,0.9959157662124527,0.9959158120010165,0.9959148919242802,0.9959181498609254,0.9959205335355764,0.9959198452621547,0.995918302469057,0.9959166947175049,0.9959150007098934,0.9959120191865314,0.9959107186859045,0.9959086510279987,0.995908219731742,0.9959064680851839,0.9959054976273785,0.9959031303174777,0.9959023931556062
2885.5,0.9973635855117738,0.9961735326213071,0.9953269813426397,0.9961084323516403,0.996154623156863,0.9961909220413719,0.9962206172789773,0.9961868214498805,0.9962020999854334,0.9962005853179864,0.9961992064551881,0.9961997647195769,0.9961789593594857,0.9961763326512714,0.9961819761373585,0.9961801897599539,0.9961913415943838,0.9961928229106269,0.9961951065521631,0.9963346181637568,0.996369322818769,0.9961961594117721,0.9962556754950517,0.9961979371492445,0.9961977790275067,0.9961928465910377,0.996192831077601,0.9961928730386547,0.9961919978687529,0.9961949852536758,0.9961971722095652,0.9961965404191584,0.9961950792238967,0.9961936027461643,0.996192000388601,0.9961892611884487,0.996188032436576,0.996186132110185,0.996185725023836,0.9961841145612848,0.9961831994178062,0.996181022195299,0.9961803276151482
2886.0,0.9997725274025976,0.9964246460692424,0.9956160407869433,0.9963619568000184,0.9964043617198955,0.9964396198817977,0.9964681461513502,0.9964372470971502,0.9964515203804091,0.9964500069306506,0.9964486466587587,0.9964493097623195,0.9964302922196956,0.9964276923528054,0.9964328539339435,0.9964311011507584,0.9964413101087554,0.996442751760109,0.9964448441767867,0.9965755109583888,0.9966079906165113,0.9964457867791449,0.9965014704691681,0.996447367797819,0.996447216554834,0.9964426839808249,0.9964426691779399,0.9964427077591672,0.9964418744070463,0.9964446227429322,0.9964466357874388,0.9964460539567493,0.9964446680668549,0.9964433077547512,0.996441789773506,0.996439265096143,0.9964381022621004,0.9964363501266765,0.99643596524246,0.9964344798595661,0.9964336153626285,0.9964316066017316,0.9964309509565459
2886.5,1.0014660648417482,0.9966518472323901,0.9958793864799864,0.996591501239964,0.9966305526200626,0.9966647716158664,0.9966921684410129,0.9966638248155685,0.9966771853944897,0.9966756768659382,0.9966743416353516,0.996675084090588,0.9966576432238369,0.9966550783227778,0.9966598146882866,0.9966580984399879,0.9966674746965274,0.9966688762313902,0.9966707996247226,0.996793387341178,0.9968238371224643,0.9966716461630397,0.9967238361882125,0.996673056235991,0.9966729114754653,0.9966687333405778,0.9966687192033338,0.9966687547870116,0.9966679604233042,0.9966704966250142,0.9966723552542056,0.9966718178044249,0.9966705015539582,0.9966692444813504,0.996667804353444,0.9966654704046292,0.9966643682764622,0.9966627479439671,0.9966623834721933,0.9966610093758883,0.9966601913744667,0.996658332547331,0.9966577126004518
2887.0,0.999737289782327,0.996858068104456,0.9961199467633658,0.9967999878336306,0.9968360564313331,0.996869246841317,0.9968955572792942,0.9968694775008764,0.9968820072381336,0.9968805068761991,0.9968792012490203,0.9968800027175605,0.9968639582318887,0.9968614344041549,0.9968657939828318,0.9968641162622662,0.9968727540152067,0.9968741154421761,0.9968758888086395,0.9969910968913366,0.9970196945687353,0.9968766513115666,0.9969256554752096,0.9968779122555502,0.9968777736048359,0.9968739109431817,0.9968738974299806,0.9968739303442048,0.9968731723755495,0.9968755195557171,0.9968772405200809,0.9968767426558501,0.996875490930324,0.9968743259817582,0.9968729578408688,0.9968707941518119,0.9968697480563775,0.9968682454242825,0.9968678997643754,0.9968666250812986,0.9968658498710762,0.9968641250236505,0.9968635378920194
2887.5,0.9970080986112364,0.9970458073647538,0.9963402492512128,0.9969899093278062,0.9970233146219514,0.9970554936506967,0.9970807626075454,0.9970566963791673,0.9970684679102665,0.9970669785267874,0.9970657056220634,0.9970665498511175,0.997051747031866,0.997049268785818,0.9970532931537939,0.9970516552150452,0.9970596353983316,0.9970609570706102,0.9970625967441125,0.9971710571431316,0.9971979630290676,0.9970632854539592,0.9971093808428274,0.9970644158223023,0.9970642829318553,0.9970607021542094,0.9970606892265356,0.9970607197542702,0.9970599958015366,0.99706217390403,0.9970637716648351,0.9970633092442913,0.9970621174159167,0.9970610349868312,0.9970597335428882,0.9970577224205892,0.9970567281555065,0.9970553310296082,0.9970550027456347,0.99705381720579,0.9970530814702162,0.9970514767987079,0.9970509199054778
2888.0,0.9962752474084,0.9972172043727137,0.9965424841483361,0.9971634020030666,0.9971944205503549,0.99722561018219,0.9972498831994525,0.9972276146583327,0.9972386926231409,0.997237216628405,0.9972359784634839,0.9972368524542383,0.9972231579139483,0.9972207284887522,0.9972244535067011,0.9972228560288904,0.9972302485056237,0.9972315310317594,0.9972330511223754,0.9973353316369462,0.9973606895427906,0.9972336747995647,0.9972771096829038,0.9972346904398476,0.9972345629823667,0.9972312350003274,0.9972312226225211,0.9972312510089331,0.9972305588873407,0.9972325852010144,0.9972340723005821,0.9972336417298817,0.9972325056015618,0.9972314973548876,0.9972302578251123,0.9972283839059578,0.9972274376816006,0.9972261354696108,0.9972258232695174,0.9972247179492206,0.9972240187096859,0.9972225222163217,0.9972219932509139
2888.5,0.9958322696530287,0.9973740989879024,0.9967285563295003,0.9973223047141329,0.9973511769602924,0.997381402540805,0.9974047249313189,0.9973840670833781,0.9973945091701584,0.9973930486083532,0.997391846361312,0.9973927397157372,0.9973800379404677,0.997377659567558,0.9973811163044737,0.9973795595204792,0.9973864248655603,0.9973876690404363,0.9973890817912475,0.9974856914557557,0.9975096301334064,0.9973896479607323,0.9974306444214708,0.9973905624660876,0.9973904401354601,0.9973873396476872,0.997387327786726,0.9973873542451661,0.9973866919462221,0.9973885815239343,0.9973899688877552,0.9973895670349806,0.9973884827917423,0.9973875414591666,0.9973863595087273,0.9973846093938978,0.9973837077837494,0.9973824912449737,0.997382193962893,0.99738116107472,0.997380495648244,0.997379096859905,0.9973785937441819
2889.0,0.9949592186216314,0.9975180801947063,0.9969001283759666,0.9974682069325853,0.9974951427941768,0.9975244319398976,0.9975468481820264,0.9975276383556915,0.9975374961893829,0.9975360527748347,0.997534886986719,0.9975357913922627,0.9975239819216035,0.9975216560325862,0.9975248715202923,0.9975233553181695,0.9975297462752604,0.9975309530267051,0.9975322691056202,0.9976236642236523,0.9976462989469171,0.9975327842573901,0.9975715410047452,0.9975336093336402,0.9975334918437839,0.9975305967511374,0.9975305853764292,0.9975306100933332,0.9975299757684833,0.9975317417707164,0.9975330389553076,0.9975326630798111,0.9975316272465717,0.997530746465386,0.9975296181561518,0.9975279801122179,0.997527120010223,0.9975259810499412,0.9975256976310541,0.9975247303512549,0.9975240963144023,0.9975227860513892,0.9975223069108807
2889.5,0.9930857918350774,0.997650525835887,0.9970586563003293,0.9976024880458984,0.9976276715086421,0.9976560532702311,0.9976776065932417,0.997659702706263,0.9976690226068798,0.9976675977594225,0.9976664684904211,0.9976673773117604,0.9976563724240667,0.9976540998165477,0.9976570976692246,0.9976556216722926,0.9976615843509029,0.9976627546983932,0.9976639834380587,0.9977505735147529,0.9977720076193103,0.9976644531911297,0.9977011482668412,0.9976651989569844,0.9976650860406465,0.9976623769644124,0.9976623660476005,0.9976623891865298,0.9976617811323935,0.997663435110536,0.9976646505078578,0.9976642982019671,0.9976633076067153,0.9976624817851637,0.9976614035313105,0.9976598672430657,0.9976590458268594,0.9976579773265339,0.9976577068140666,0.9976567991400154,0.9976561942979926,0.9976549644829891,0.9976545076223107
2890.0,0.9923530614011888,0.9977726352466344,0.9972054193309899,0.9977263496672141,0.9977499425932732,0.9977774468150383,0.9977981789255878,0.997781456403853,0.997790280036177,0.9977888749146572,0.9977877818648936,0.9977886898191966,0.997778412621815,0.9977761935920382,0.9977789945175171,0.9977775581477124,0.9977831330117911,0.9977842680345425,0.9977854176305849,0.997867570851118,0.9978878971491384,0.9977858468677892,0.9978206401160924,0.997786522101518,0.9977864135090724,0.9977838733920823,0.9977838629068649,0.9977838846118517,0.9977833012569118,0.9977848533879861,0.9977859943948894,0.9977856635355692,0.9977847152771804,0.9977839394827679,0.9977829080121992,0.9977814643775755,0.9977806790766667,0.9977796747530244,0.9977794162770366,0.9977785629088916,0.9977779852689794,0.9977768287684211,0.9977763926501891
2890.5,0.9921953365372015,0.9978854561896164,0.997341544848042,0.9978408423287294,0.9978629876243699,0.9978896444561842,0.9979095953686381,0.9978939445906245,0.9979023095225892,0.9979009250559623,0.9978998676590219,0.9979007705566396,0.9978911534025046,0.9978889878517003,0.9978916100755135,0.9978902126035704,0.9978954352919334,0.9978965361042988,0.9978976137799416,0.9979756619057636,0.997994963945936,0.9978980067592473,0.9979310420187145,0.9978986191023302,0.9978985146006019,0.9978961283753639,0.997896118297327,0.9978961386956592,0.9978955785882715,0.9978970378703821,0.9978981110297587,0.9978977997383297,0.9978968911583612,0.9978961610247525,0.9978951733454708,0.997893814304541,0.9978930627726942,0.9978921170601966,0.9978918698278805,0.9978910660698619,0.9978905138184881,0.9978894243101986,0.9978890075368725
2891.0,0.9937438278812417,0.9979899071916148,0.9974680293439531,0.9979468876387101,0.997967711902119,0.9979935514298491,0.9980127593726196,0.9979980835398051,0.9980060237239179,0.9980046606396856,0.9980036381350645,0.9980045326717152,0.9979955158403178,0.99799340336015,0.9979958629788911,0.9979945035641148,0.9979994055745387,0.9980004733071106,0.9980014854505149,0.9980757281209367,0.9980940812928237,0.9980018458973864,0.9980332529176273,0.9980024020234141,0.9980023013945474,0.9980000557058274,0.9980000460122908,0.9980000652168406,0.9979995270144391,0.9980009014302829,0.9980019125491945,0.9980016191576109,0.9980007478155228,0.9980000594645723,0.9979991128352796,0.9979978312270115,0.9979971113181908,0.9979962192705548,0.9979959825578119,0.9979952242354587,0.9979946957183399,0.9979936675805641,0.9979932688787541
2891.5,0.9951567051029458,0.9980867961511812,0.9975857561110076,0.9980452967561988,0.9980649125007164,0.998089964468931,0.9981084658460678,0.9980946792002398,0.9981022253899184,0.998100884239854,0.9980998957290687,0.998100779318714,0.9980923099122943,0.9980902498536302,0.9980925611307507,0.9980912388525465,0.9980958481147785,0.9980968838999486,0.9980978361793194,0.9981685446596104,0.9981860171541151,0.9980981673636835,0.9981280634699226,0.9980986731190503,0.9980985761594328,0.9980964591313034,0.9980964498011793,0.9980964679123596,0.998095950371737,0.9980972470260107,0.9980982012750013,0.998097924297489,0.9980970879488215,0.9980964379249808,0.9980955298293043,0.9980943192710207,0.9980936290183748,0.9980927862256807,0.9980925593697842,0.9980918427602924,0.9980913364651759,0.9980903646831363,0.9980899828899893
2892.0,0.9941388523373591,0.9981768359076872,0.9976955102222657,0.9981367858622752,0.9981552933911754,0.998179586997769,0.9981974163902853,0.9981844427147315,0.9981916228254146,0.998190304008642,0.9981893484986379,0.9981902191386519,0.9981822501544529,0.998180241682779,0.9981824172972831,0.9981811311801315,0.9981854725379504,0.9981864774989619,0.9981873749594389,0.9982547953964497,0.9982714490387786,0.9981876797600996,0.9982161712953816,0.9981881402816921,0.9981880468009389,0.998186047840317,0.9981860388539808,0.9981860559613954,0.9981855579299509,0.9981867831653253,0.9981876851622732,0.9981874232713767,0.9981866198484824,0.998186005063383,0.9981851331872154,0.9981839879727232,0.9981833255701715,0.9981825280887912,0.9981823104819735,0.9981816322552922,0.9981811467969087,0.9981802268837733,0.9981798609351266
2892.5,0.9928359029788402,0.9982606573227131,0.9977979912656401,0.9982219891701614,0.9982394781641407,0.9982630419110076,0.9982802321063499,0.9982680034604458,0.9982748428836985,0.9982735466672651,0.9982726231039314,0.9982734792659907,0.9982659688132132,0.998264010953327,0.9982660622097437,0.9982648112429566,0.9982689068614232,0.9982698821041596,0.9982707292497174,0.9983350854991179,0.9983509764711381,0.9982710102084824,0.9982981937835008,0.9982714300225224,0.9982713398425246,0.998269449472791,0.9982694408119634,0.9982694569958054,0.9982689774036575,0.9982701368990698,0.9982709907802827,0.9982707427865469,0.9982699703815436,0.9982693880669793,0.9982685502785066,0.9982674652916452,0.9982668290776956,0.9982660733708126,0.9982658644546446,0.9982652216234654,0.9982647557303658,0.9982638836601317,0.998263532580166
2893.0,0.9922481552367168,0.9983388203156063,0.9978938242054058,0.9983014699094849,0.9983180207762253,0.9983408823635956,0.9983574644046113,0.9983459200511569,0.9983524419286443,0.9983511684657661,0.9983502757597275,0.9983511163012723,0.9983440269374914,0.9983421186095552,0.9983440556159328,0.9983428387692413,0.9983467084801344,0.9983476550870529,0.9983484559500098,0.9984099520348866,0.9984251315024958,0.998348715317351,0.9983746788953382,0.9983490984227334,0.9983490113767705,0.9983472210963017,0.9983472127439406,0.9983472280761813,0.9983467659290582,0.9983478647833492,0.9983486742640817,0.9983484390987534,0.9983476959484016,0.9983471436162811,0.998346337948332,0.9983453085893166,0.9983446970328068,0.9983439799197262,0.998343779180176,0.9983431690573007,0.9983427215603079,0.9983418937105776,0.9983415566027565
2893.5,0.9910901833784419,0.9984118232092253,0.9979835686772416,0.9983757296357899,0.9983914146616312,0.9984136009163701,0.9984296041633304,0.9984186896557663,0.9984249151188593,0.9984236644650356,0.9984228015114074,0.9984236256036075,0.9984169237702463,0.998415063818866,0.9984168956382441,0.9984157118740513,0.9984193734700045,0.9984202924957539,0.9984210506959894,0.9984798729495432,0.9984943876087807,0.9984212904697076,0.9984461143103722,0.9984216404085247,0.9984215563404379,0.9984198585018585,0.9984198504420604,0.9984198649874649,0.9984194193602882,0.9984204621636432,0.9984212305898096,0.9984210072900491,0.9984202917623116,0.9984197671704169,0.9984189918048266,0.9984180139272525,0.9984174256147518,0.9984167442275362,0.9984165511906137,0.9984159713524757,0.9984155411745238,0.9984147542775275,0.9984144303166359
2894.0,0.9924983088340438,0.9984801106740551,0.9980677269681291,0.9984452161497565,0.9984601004860958,0.9984816373163556,0.998497089517258,0.9984867559200471,0.9984927042999135,0.9984914764271126,0.9984906421205304,0.9984914491895427,0.9984851047298267,0.998483291947482,0.9984850267272738,0.9984838750102366,0.998487344496124,0.9984882369644795,0.9984889557600733,0.9985452746977832,0.9985591672514534,0.9984891777181556,0.99851293520118,0.9984894976355918,0.9984894163990201,0.9984878041057594,0.9984877963236694,0.998487810140667,0.9984873801717558,0.998488371066953,0.9984891014594773,0.9984888891556717,0.9984881997377398,0.9984877008603409,0.9984869541140657,0.9984860239708335,0.9984854575954849,0.9984848093417213,0.9984846235696279,0.9984840718249652,0.998483657972134,0.9984829090726597,0.9984825974977907
2894.5,0.9956217328465677,0.9985440805050256,0.9981467508882681,0.9985103302576308,0.9985244727687366,0.998545385138983,0.9985603125046048,0.9985505157249762,0.9985562047372523,0.998554999546364,0.9985541927923135,0.9985549824712763,0.9985489682171453,0.9985472013630402,0.9985488464459399,0.9985477257504083,0.9985510175589618,0.9985518844607899,0.9985525667914784,0.9986065387512846,0.9986198483260752,0.9985527725201182,0.9985755308655759,0.9985530652154913,0.9985529866731618,0.9985514536905227,0.9985514461722524,0.9985514593136848,0.9985510441995169,0.9985519869346211,0.9985526820276068,0.9985524799324487,0.9985518152200534,0.9985513402226021,0.998550620535362,0.998549734732097,0.9985491890837084,0.9985485716144293,0.998548392702146,0.9985478670650019,0.9985474686185855,0.9985467550377146,0.9985464551460727
2895.0,0.9970297288497157,0.9986040894223869,0.99822104770638,0.9985714315620747,0.9985848855562477,0.9986051974779535,0.9986196247590704,0.9986103249722583,0.9986157708797702,0.9986145882115104,0.9986138079347584,0.998614580024487,0.9986088714413833,0.9986071492565731,0.9986087112759546,0.9986076205916902,0.998610747769068,0.9986115900610946,0.9986122385856916,0.9986640071688145,0.998676769681341,0.9986124295032633,0.9986342504036051,0.9986126974736641,0.9986126214967376,0.9986111621751812,0.9986111549077344,0.9986111674215017,0.9986107664119709,0.9986116643858217,0.9986123266595142,0.9986121340585657,0.998611492746417,0.998611039963681,0.9986103458869352,0.998609501341728,0.9986089752979538,0.9986083864799031,0.99860821405216,0.9986077127185371,0.9986073288280088,0.9986066481317517,0.9986063592731647
2895.5,0.9958717543543383,0.9986604580535632,0.9982909852907068,0.9986288434387214,0.9986416573008999,0.9986613918351992,0.9986753424000973,0.9986665035533633,0.9986717213098395,0.998670560954281,0.9986698061050368,0.9986705605417896,0.9986651354222034,0.9986634566416913,0.9986649416039383,0.998663879940451,0.9986668543064743,0.998667672910677,0.9986682900394024,0.9987179873793738,0.9987302358582656,0.9986684674170389,0.9986894075930026,0.9986687128947607,0.9986686393622266,0.9986672485709789,0.9986672415421828,0.9986672534718023,0.9986668658659219,0.9986677221675306,0.9986683538768741,0.9986681701203912,0.998667550993608,0.9986671189107149,0.9986664490978071,0.9986656430063042,0.9986651355247789,0.9986645734163592,0.9986644071249362,0.998663928452544,0.9986635583293021,0.9986629083013822,0.9986626298734281
2896.0,0.9954242270418163,0.9987134752251828,0.9983568965742677,0.9986828573263947,0.9986950750671973,0.998714254336578,0.9987277502475148,0.998719339630802,0.9987243430080878,0.9987232047129727,0.9987224742712746,0.9987232111002812,0.9987180492985217,0.9987164126608861,0.9987178260166673,0.9987167924064456,0.9987196246933969,0.9987204204968777,0.9987210084193757,0.9987687563026274,0.9987805211726761,0.9987211733986859,0.99874128508957,0.9987213983834241,0.9987213271815436,0.9987200002509549,0.9987199934493973,0.9987200048344895,0.9987196299764945,0.9987204474192699,0.9987210506187266,0.9987208751145497,0.9987202770409654,0.9987198642769197,0.9987192174742504,0.9987184472792898,0.9987179573905953,0.99871742022094,0.9987172597422589,0.9987168022328895,0.9987164451446827,0.9987158237628503,0.9987155552065191
2896.5,0.996406850519276,0.9987634016720761,0.9984190834435037,0.998733736436836,0.9987453981705082,0.9987640433772428,0.9987771054649236,0.9987690933380546,0.9987738950389679,0.9987727785169463,0.9987720714956635,0.9987727908493609,0.9987678740513052,0.9987662783063113,0.998767625012476,0.9987666185133247,0.9987693184865452,0.9987700923417716,0.9987706530514674,0.9988165639092926,0.9988278732427575,0.9987708066598368,0.9987901380569789,0.9987710129464709,0.9987709439682612,0.9987696766396135,0.9987696700545865,0.9987696809312979,0.9987693182071048,0.9987700993586773,0.9987706759238613,0.9987705081312177,0.9987699300544569,0.9987695353477629,0.9987689103868661,0.9987681737519877,0.9987677005533528,0.9987671867040665,0.9987670317370356,0.9987665940211823,0.9987662492871312,0.9987656547024847,0.9987653954983075
2897.0,0.9973847658142185,0.9988104732518407,0.9984778201334537,0.998781718971824,0.9987928613334968,0.9988109927829975,0.9988236407184259,0.9988159999864537,0.9988206117451143,0.9988195166800373,0.9988188321267927,0.9988195342069169,0.9988148457295363,0.9988132896441033,0.9988145742175885,0.9988135939142563,0.9988161704772324,0.9988169232025584,0.9988174585178924,0.9988616363066385,0.9988725160460463,0.998817601681732,0.9988361973127085,0.9988177908843641,0.9988177240291249,0.998816512410798,0.9988165060322451,0.9988165164336176,0.9988161652676061,0.9988169124758928,0.9988174641224814,0.9988173035465656,0.9988167444798042,0.9988163666758911,0.9988157624663083,0.9988150572525775,0.9988145999022223,0.9988141078914007,0.9988139581554842,0.9988135389788773,0.9988132059650168,0.9988126364839001,0.9988123861484893
2897.5,0.9980822379028006,0.9988549037387532,0.9985333561994272,0.9988270209209161,0.9988376774318959,0.9988553145595673,0.998867566922865,0.9988602728525537,0.9988647055237617,0.998863631576143,0.998862968574401,0.998863653637244,0.9988591782535612,0.9988576606163879,0.9988588871813001,0.9988579321865366,0.9988603934727333,0.9988611258531274,0.9988616374361203,0.9989041784200023,0.9989146525761368,0.9988617709923728,0.9988796720623184,0.9988619445651813,0.9988618797380567,0.9988607202671417,0.9988607140856106,0.9988607240419051,0.9988603838939878,0.9988610993100316,0.9988616276103461,0.9988614737975662,0.9988609328178982,0.99886057085809,0.9988599863809503,0.9988593106266253,0.9988588683386738,0.9988583968068805,0.9988582520403643,0.998857850252154,0.9988575283674359,0.9988569824355459,0.9988567405184934
2898.0,0.9963541924426547,0.9988968872586774,0.9985859191242208,0.9988698385010536,0.9988800398894697,0.9988972012899427,0.9989090756358907,0.9989021056074462,0.9989063692464614,0.9989053160582096,0.9989046737277196,0.9989053420719893,0.9989010658578253,0.9988995854829177,0.9989007578117676,0.9988998272669274,0.9989021807202539,0.9989028935081795,0.9989033828807085,0.9989443763295607,0.9989544671577969,0.9989035075868651,0.9989207522823857,0.998903666842245,0.9989036039538202,0.9989024933624103,0.9989024873690089,0.9989024969079899,0.9989021672709426,0.9989028528689828,0.9989033592665595,0.9989032118003591,0.9989026880437021,0.9989023409555172,0.9989017752577423,0.998901127160388,0.9989006992002836,0.9989002468982128,0.9989001068566432,0.9988997213990004,0.9988994100916992,0.9988988862800972,0.9988986523611902
2898.5,0.9940513901748976,0.9989366004166588,0.998635716610867,0.9989103502894057,0.9989201247723988,0.9989368282302691,0.9989483411504535,0.9989416744395483,0.9989457783734403,0.9989447455719528,0.9989441230687006,0.9989447750255257,0.9989406852249709,0.9989392409542761,0.9989403625041852,0.998939455579472,0.9989417080249745,0.9989424019413776,0.998942870499481,0.9989823993120166,0.9989921274697137,0.9989429870423265,0.9989596108026924,0.9989431331667069,0.9989430721326356,0.9989420074181521,0.998942001604508,0.998942010751694,0.998941691148718,0.9989423487438708,0.9989428345663031,0.9989426930634777,0.9989421857199573,0.9989418526085564,0.9989413047976203,0.9989406826983344,0.9989402683787011,0.9989398341562942,0.9989396986110708,0.9989393285100115,0.9989390272644886,0.9989385242572564,0.9989382979439719
2899.0,0.9933235482955596,0.9989742041606894,0.9986829386033518,0.9989487190927053,0.9989580926253856,0.9989743551467765,0.9989855223283094,0.9989791399142243,0.9989830928058023,0.9989820800074987,0.9989814765232851,0.998982112447992,0.9989781973550125,0.998976788060325,0.998977862004899,0.9989769778993257,0.9989791356054488,0.9989798113408185,0.998980260367302,0.9990184016289827,0.9990277863162589,0.9989803693705653,0.9989964051302167,0.9989805034382364,0.9989804441788973,0.9989794225778972,0.9989794169361217,0.9989794257150062,0.9989791156975034,0.9989797469613754,0.9989802134316583,0.9989800775391007,0.9989795858488635,0.9989792658894893,0.9989787351286734,0.9989781374981405,0.9989777361750402,0.9989773189718615,0.9989771877089666,0.9989768320662368,0.9989765404000196,0.9989760569833399,0.9989758379085857
2899.5,0.9937313074846749,0.9990098454183385,0.998727759071429,0.9989850935895956,0.9989940900852115,0.9990099279296326,0.9990207642104842,0.9990146486068238,0.9990184585120224,0.99901746532539,0.9990168800871309,0.999017500352484,0.9990137492064768,0.9990123737907503,0.999013403048206,0.9990125409893331,0.9990146097228898,0.9990152679383643,0.9990156986139342,0.9990525240973025,0.9990615831832037,0.9990158006450005,0.9990312790508388,0.9990159236302272,0.9990158660704068,0.9990148850354132,0.9990148795580666,0.9990148879903138,0.9990145871358505,0.9990151936103617,0.9990156418569379,0.9990155112487543,0.999015034498163,0.9990147269294424,0.99901421243353,0.9990136378596635,0.9990132489292046,0.9990128477659116,0.9990127205847594,0.9990123785706407,0.9990120960317839,0.9990116310842568,0.9990114189043329
2900.0,0.9949988967446348,0.9990436585373073,0.9987703375903699,0.9990196097769207,0.9990282513020159,0.999043680014114,0.9990541994351394,0.9990483345401144,0.9990520089595948,0.9990510349878066,0.99905046725663,0.9990510722472856,0.999047475140718,0.9990461325388976,0.9990471197969415,0.9990462790404433,0.9990482641152619,0.9990489054437569,0.9990493188568794,0.9990848954711483,0.9990936456069452,0.9990494144326888,0.9990643640391573,0.9990495272203488,0.9990494712889484,0.9990485284679032,0.9990485231479646,0.9990485312535825,0.9990482391640252,0.9990488222736743,0.99904925333935,0.9990491277143013,0.999048665232471,0.9990483693504678,0.9990478703818321,0.9990473175587969,0.999046940454058,0.9990465544248227,0.999046431137217,0.9990461019841338,0.9990458281488288,0.9990453806328671,0.9990451750256195
2900.5,0.9971215976538967,0.9990757665562786,0.9988108207420439,0.9990523922462354,0.9990606991940244,0.9990757336349172,0.9990859494886897,0.9990803204524047,0.9990838663780354,0.9990829112211934,0.9990823602913925,0.9990829503993564,0.999079498195909,0.999078187375373,0.999079135113258,0.9990783149423569,0.9990802212624297,0.9990808463097743,0.9990812434654222,0.9991156336612211,0.9991240903823385,0.9990813330576682,0.9990957805022216,0.9990814364526134,0.9990813820823783,0.9990804753003824,0.9990804701312203,0.9990804779287158,0.9990801942285231,0.9990807552912931,0.99908117014117,0.9990810492203936,0.9990806003760366,0.9990803155289575,0.9990798313940019,0.9990792991124433,0.9990789333006755,0.9990785615664373,0.9990784419956251,0.9990781249924513,0.9990778594628588,0.9990774284170225,0.9990772290801718
2901.0,0.9973890813078325,0.9991062823285135,0.9988493433599728,0.9990835553129217,0.999091546557644,0.9991062009356081,0.9991161258121951,0.9991107189187507,0.9991141428755432,0.9991132061325989,0.9991126713304844,0.9991132469514046,0.9991099312132616,0.9991086511739506,0.999109561682073,0.9991087614068761,0.9991105935047135,0.9991112028507797,0.9991115846782122,0.999144846812612,0.999153024630498,0.9991116687179316,0.999125638879154,0.9991117634532434,0.9991117105805122,0.9991108378235615,0.9991108327989082,0.9991108403054236,0.9991105646400781,0.999111104877157,0.9991115044057026,0.9991113879306821,0.9991109521292268,0.9991106777127006,0.9991102077586141,0.9991096948969405,0.999109339877023,0.999108981659467,0.9991088656392784,0.999108560126257,0.9991083025285374,0.9991078870606925,0.9991076937103153
2901.5,0.9975116980986392,0.9991353095173618,0.9988860296378431,0.9991132040170306,0.9991208970516585,0.9991351849520022,0.9991448307818308,0.9991396333443655,0.9991429414283718,0.9991420226987594,0.9991415033814525,0.999142064911604,0.9991388778347312,0.9991376276090264,0.9991385030063749,0.9991377219631371,0.9991394840339343,0.9991400782337505,0.9991404455934465,0.9991726342597342,0.9991805467448079,0.9991405244750786,0.999154040615419,0.9991406112193636,0.9991405597838368,0.9991397191843069,0.999139714298234,0.9991397215296706,0.9991394535642384,0.999139974108699,0.9991403591460624,0.9991402468768125,0.999139823557772,0.9991395590106292,0.9991391026224262,0.999138608139016,0.9991382634391348,0.9991379180153105,0.9991378053893738,0.9991375107535734,0.9991372607360951,0.9991368600172942,0.9991366723864428
2902.0,0.9977791654588878,0.9991629434800964,0.9989209941182662,0.9991414350122323,0.9991488460715755,0.9991627804855739,0.9991721585795392,0.999167158846598,0.9991703567592113,0.9991694556442359,0.9991689511984242,0.99916949903227,0.9991664333886864,0.9991652120410872,0.9991660542908106,0.9991652918411488,0.9991669877732828,0.9991675673581244,0.9991679210479731,0.9991990873740809,0.9992067472307521,0.9991679951329604,0.9991810790277992,0.9991680744968087,0.9991680244413339,0.9991672142649992,0.9991672095118947,0.9991672164830219,0.9991669559008283,0.9991674578053964,0.9991678291230621,0.9991677208365042,0.9991673094710657,0.9991670542715612,0.9991666108693743,0.9991661337955972,0.9991657989711267,0.9991654656686237,0.9991653562896519,0.999165071960895,0.9991648291926016,0.9991644424515996,0.9991642602890455
2902.5,0.9967663156398986,0.9991892720541551,0.9989543425763004,0.9991683373569362,0.999175481527904,0.9991890748807193,0.9991981959676906,0.9991933830395333,0.9991964761185804,0.9991955922225897,0.9991951020632734,0.9991956365915025,0.999192685677685,0.9991914923043308,0.9991923032276562,0.999191558757728,0.9991931921600343,0.999193757638484,0.9991940983993253,0.9992242903183303,0.9992317094529598,0.9991941680193102,0.9992068400738605,0.9991942405610253,0.9991941918313987,0.9991934104657997,0.9991934058403484,0.9991934125649022,0.9991931590663118,0.9991936433103297,0.9991940016261879,0.9991938971146925,0.9991934972035108,0.9991932508659319,0.9991928199025363,0.9991923593364884,0.9991920339680544,0.9991917121606753,0.9991916058898126,0.9991913313370211,0.999191095505941,0.9991907220242712,0.9991905450933585
2903.0,0.9971739639192296,0.9992143762579094,0.9989861728103083,0.9991939932196924,0.9992008845402407,0.99921414871777,0.9992230229796513,0.9992183867333017,0.99922137998127,0.9992205129126384,0.9992200364818782,0.9992205580898424,0.9992177156805262,0.9992165494085947,0.9992173306972925,0.999216603616958,0.9992181778431718,0.9992187297021483,0.999219058222738,0.9992483207184346,0.9992555103009985,0.9992191236824085,0.9992314030377678,0.9992191899130993,0.9992191424578806,0.9992183884018826,0.999218383899046,0.9992183903898177,0.9992181436911111,0.9992186111867932,0.9992189571696949,0.9992188562397722,0.9992184673109437,0.9992182293825635,0.9992178103411066,0.9992173654419793,0.9992170491336866,0.9992167382375527,0.9992166349437773,0.9992163696716851,0.9992161404835694,0.9992157795911134,0.9992156076687126
2903.5,0.9981563142878833,0.9992383309164119,0.9990165753510556,0.9992184785093217,0.9992251300574085,0.9992380764320354,0.9992467135365283,0.9992422445585257,0.9992451426682243,0.9992442920401738,0.9992438288058577,0.9992443378723386,0.9992415981790687,0.9992404581660812,0.999241211393652,0.9992405011356245,0.9992420193063247,0.9992425580120757,0.9992428749335462,0.9992712502637251,0.9992782207838516,0.9992429365131718,0.9992548411426789,0.9992429969012852,0.9992429506716278,0.9992422225260277,0.9992422181410272,0.9992422244099425,0.9992419842422791,0.9992424358403418,0.9992427701141994,0.9992426725853201,0.9992422941925223,0.9992420642508546,0.999241656642774,0.9992412266257806,0.9992409190035872,0.9992406184736331,0.9992405180332103,0.9992402615794012,0.9992400387564773,0.9992396898274729,0.9992395227030229
2904.0,0.9988536130949168,0.9992612052211588,0.9990456340985472,0.9992418634388139,0.9992482874125125,0.9992609268677509,0.9992693359989695,0.9992650255249237,0.9992678329028443,0.9992669983341239,0.9992665477887593,0.9992670446850093,0.9992644023188904,0.9992632877519466,0.9992640143836777,0.9992633204026766,0.9992647854250195,0.9992653114240772,0.9992656173439506,0.9992931452437103,0.99929990656168,0.9992656753016474,0.9992772220985634,0.9992657302770113,0.9992656852265029,0.9992649816855682,0.9992649774138683,0.999264983472059,0.9992647495805201,0.9992651860752556,0.999265509222741,0.999265414926272,0.9992650466470532,0.9992648242973761,0.9992644276604867,0.9992640117922856,0.9992637125025114,0.9992634218293184,0.9992633241252998,0.9992630760575336,0.999262859337363,0.9992625217868009,0.9992623592614321
2904.5,0.9975511314399165,0.999283063231703,0.9990734268948696,0.9992642130308327,0.9992704208206045,0.9992827637746388,0.9992909536617137,0.9992867935218791,0.9992895143094926,0.999288695424935,0.9992882570844743,0.9992887421734858,0.9992861921116449,0.9992851022066079,0.9992858036086294,0.9992851253805396,0.999286539966039,0.9992870536861373,0.9992873491619422,0.9993140670290838,0.999320628422312,0.9992874037356999,0.9992986085931094,0.9992874536931335,0.999287409777649,0.9992867296214806,0.9992867254587735,0.9992867313166427,0.9992865034593469,0.999286925593206,0.9992872381590898,0.9992871469373337,0.9992867883715364,0.9992865732446556,0.99928618714139,0.9992857847359476,0.999285493443903,0.9992852121508402,0.9992851170726021,0.9992848769863971,0.9992846661208278,0.9992843394011918,0.9992841812869223
2905.0,0.9961085283251219,0.9993039643259145,0.9991000260402658,0.9992855875716325,0.9992915898256371,0.9993036462537747,0.9993116251975805,0.9993076077677682,0.9993102458609651,0.9993094422919351,0.9993090156946405,0.999309489330604,0.9993070268859451,0.9993059608865906,0.9993066383340443,0.9993059753550888,0.9993073420356605,0.9993078438866148,0.999308129439151,0.9993340725034698,0.9993404427089311,0.999308180848648,0.9993190587323755,0.9993082261511942,0.9993081833287576,0.9993075254163862,0.9993075213585787,0.9993075270258582,0.9993073049731421,0.9993077134408795,0.9993080159350534,0.9993079276403787,0.9993075784086881,0.9993073701589112,0.9993069941746989,0.9993066045895447,0.9993063209782701,0.999306048618902,0.9993059560617228,0.9993057235781673,0.99930551833237,0.9993052019306861,0.9993050480496832
2905.5,0.9997960102262626,0.9993239636048121,0.9991254987587682,0.9993060430193205,0.9993118497025258,0.9993236291585854,0.9993314050567174,0.9993275232139481,0.9993300822808064,0.9993292936655587,0.999328878370907,0.9993293408988252,0.9993269616927083,0.999325918869853,0.9993265735542747,0.999325925340203,0.9993272464826685,0.9993277368572155,0.9993280129735082,0.9993532144515885,0.9993594017045918,0.9993280614217411,0.9993386264369813,0.9993281024035604,0.9993280606342185,0.9993274238973532,0.9993274199405526,0.999327425426357,0.9993272089600175,0.9993276044124463,0.99932789731266,0.9993278118067136,0.9993274715493171,0.9993272698526179,0.9993269035943921,0.9993265262272221,0.999326249996326,0.9993259861520646,0.9993258960167344,0.9993256707805006,0.9993254709320838,0.9993251643672415,0.999325014551143
2906.0,1.0043430249698186,0.9993431122571282,0.9991499076189275,0.999325631371634,0.9993312518194015,0.9993427634560653,0.9993503438261845,0.9993465909085625,0.999349074405607,0.9993483003895629,0.9993478959771953,0.9993483477326259,0.9993460476701487,0.999345027320766,0.9993456603567652,0.9993450264420627,0.9993463042612801,0.9993467835358817,0.9993470506718544,0.9993715419087965,0.9993775539784693,0.9993470963466029,0.9993573617988909,0.9993471333155725,0.999347092561276,0.9993464759986345,0.9993464721391373,0.9993464774520112,0.9993462663646031,0.9993466494120021,0.9993469331663496,0.9993468503193405,0.9993465186946894,0.9993463232470408,0.9993459663418596,0.9993456006274528,0.9993453314920406,0.9993450757700106,0.999344987962473,0.9993447696400132,0.9993445749782065,0.999344277798527,0.9993441318878161
2906.5,1.0038955139789594,0.9993614578881185,0.9991733109145114,0.9993444009977593,0.9993498439644916,0.9993610965526569,0.9993684885543153,0.9993648583246626,0.9993672695117644,0.9993665097477197,0.9993661158164352,0.999366557125341,0.9993643323729383,0.9993633338192736,0.9993639462505878,0.999363326187707,0.9993645627584768,0.9993650312940852,0.9993652898769864,0.9993891004763324,0.9993949446981377,0.9993653329521319,0.9993753114032037,0.9993653661921813,0.9993653264166732,0.9993647290888337,0.9993647253231142,0.9993647304710763,0.99936452456526,0.9993648957804698,0.9993651708096475,0.9993650904996966,0.9993647671833619,0.9993645776992198,0.9993642297929927,0.9993638752004067,0.9993636128900912,0.9993633649211894,0.9993632793522091,0.9993630676301151,0.9993628779550178,0.9993625897360391,0.9993624475794692
2907.0,1.0011681240041732,0.9993790448165714,0.9991957630094565,0.9993623969381541,0.999367670641526,0.9993786725886908,0.9993858830437407,0.9993823696565929,0.9993847116106351,0.999383965758909,0.9993835819257036,0.9993840131043876,0.9993818600695051,0.9993808826581921,0.999381475463184,0.9993808688217994,0.9993820660896768,0.999382524232465,0.9993827746630716,0.9994059326060607,0.9994116159116297,0.9993828152997858,0.999392518618823,0.9993828450729988,0.9993828062417125,0.9993822272664294,0.9993822235911288,0.9993822285817114,0.999382027669648,0.9993823875908887,0.9993826542902516,0.9993825764027997,0.9993822610864117,0.9993820772973354,0.9993817380536445,0.9993813940836603,0.9993811383416482,0.9993808977787755,0.9993808143636335,0.9993806089471402,0.9993804240690268,0.9993801444114874,0.9993800058655504
2907.5,0.9975858846149057,0.9993959143434814,0.9992173146508465,0.9993796611758496,0.9993847733370823,0.9993955327048034,0.9994025681164901,0.9993991660880972,0.9994014417155269,0.999400709444059,0.9994003353432096,0.9994007566983232,0.999398672010942,0.9993977151121314,0.999398289208784,0.9993976955750724,0.9993988553661999,0.9993993034482561,0.9993995461028785,0.9994220778580395,0.9994276068025767,0.9993995844506964,0.9994090238613934,0.9993996109992058,0.9993995730791684,0.9993990116271065,0.9993990080390238,0.9993990128793091,0.9993988167820974,0.9993991659155362,0.9993994246569725,0.9993993490842397,0.9993990414745066,0.9993988631278994,0.9993985322269094,0.9993981984097017,0.9993979489919478,0.9993977155083958,0.9993976341666057,0.999397434778228,0.9993972545169068,0.9993969830449043,0.9993968479733403
2908.0,0.995573479699519,0.9994121049954361,0.999238013253258,0.9993962328822964,0.9994011907628761,0.9994117152833414,0.9994185818541679,0.9994152860351889,0.9994174980835578,0.9994167790679617,0.9994164143501529,0.999416826178761,0.999414806674583,0.9994138696810834,0.9994144259315496,0.9994138449074957,0.9994149689375572,0.9994154072775465,0.9994156425098553,0.9994375731338372,0.9994429539213239,0.9994156787076451,0.9994248648314903,0.999415702255343,0.9994156652150855,0.9994151205059287,0.9994151170020111,0.9994151216986644,0.999414930245818,0.9994152690679131,0.9994155202015543,0.9994154468420477,0.9994151466598444,0.9994149735178038,0.9994146506552517,0.9994143265482607,0.9994140832226843,0.9994138565106624,0.9994137771657083,0.9994135835439948,0.9994134077282145,0.999413144087524,0.9994130123608673
2908.5,0.9951308263261318,0.9994276527453992,0.9992579031574161,0.9994121486404414,0.9994169590756459,0.9994272561673966,0.9994339598158483,0.9994307653664644,0.9994329164350501,0.9994322103586288,0.9994318546901252,0.9994322572798171,0.9994302999849412,0.9994293823113776,0.9994299215261258,0.9994293527288537,0.9994304426112414,0.9994308715150338,0.9994310996577257,0.9994524528881731,0.9994576913945742,0.9994311338345683,0.9994400767306898,0.9994311545886513,0.9994311183981245,0.9994305896970213,0.9994305862743562,0.9994305908336554,0.9994304038626156,0.9994307328222569,0.9994309766780427,0.9994309054361051,0.999430612415628,0.9994304442538955,0.9994301291401518,0.999429814326137,0.999429576871897,0.999429356641184,0.9994292792202788,0.999429091118671,0.999428919585571,0.999428663442106,0.9994285349372659
2909.0,0.9968231035216802,0.99944259121326,0.9992770258657772,0.9994274426474212,0.9994321120769679,0.9994421888598144,0.9994487352360203,0.9994456376032193,0.999447730152814,0.9994470367065444,0.999446689768402,0.99944708339744,0.9994451855143766,0.9994442865963693,0.9994448095379689,0.9994442525990996,0.9994453098523699,0.9994457296136393,0.999445950979959,0.9994667493211536,0.9994718511158079,0.9994459832559428,0.9994546924578336,0.9994460014083107,0.9994459660388078,0.99944545265312,0.999445449308927,0.9994454537367908,0.9994452710924729,0.9994455906129422,0.9994458275020504,0.9994457582874483,0.9994454721754292,0.9994453087824272,0.9994450011416267,0.9994446952268845,0.9994444634337051,0.9994442494104153,0.9994441738442752,0.9994439910300634,0.9994438236246648,0.9994435746630674,0.9994434492629392
2909.5,0.9993702063743348,0.9994569518482377,0.9992954202573552,0.9994421468989693,0.9994466813950701,0.9994565447042357,0.9994629392046422,0.9994599341014613,0.9994619704633988,0.9994612893458882,0.9994609508332079,0.9994613357707055,0.9994594946655969,0.9994586139589615,0.9994591213455416,0.9994585759105769,0.9994596019652691,0.9994600128660596,0.999460227751193,0.9994804925531101,0.9994854629184696,0.999460258238137,0.9994687427875386,0.9994602739666598,0.9994602393907417,0.9994597406670689,0.9994597373986924,0.9994597417007054,0.9994595632350752,0.9994598737158407,0.9994601039319995,0.9994600366595444,0.9994597572145207,0.9994595983904705,0.9994592979597022,0.9994590005724326,0.9994587742399773,0.999458566165429,0.9994584923880647,0.9994583146414303,0.9994581512161629,0.9994579091385112,0.9994577867316145
2910.0,0.9999225223875655,0.999470764094997,0.9993131227838513,0.999456291357399,0.9994606966504724,0.9994703530500083,0.9994766008311305,0.9994736842176623,0.9994756666021543,0.9994749975195739,0.9994746671407932,0.999475043646915,0.9994732568378434,0.9994723938178138,0.99947288632623,0.9994723520539599,0.999473348258838,0.9994737505701047,0.9994739592524529,0.9994937107838165,0.9994985547336807,0.9994739880545633,0.9994822565327639,0.9994740015242307,0.9994739677156582,0.9994734830371079,0.9994734798420097,0.9994734840234456,0.9994733095951255,0.9994736114134884,0.9994738352341792,0.9994737698233811,0.9994734968150151,0.9994733423711272,0.9994730488996824,0.9994727596884881,0.9994725386257793,0.9994723362554545,0.9994722642039773,0.9994720913171131,0.9994719317313774,0.999471696255997,0.999471576736142
2910.5,1.0004748189501766,0.9994840555451139,0.99933016764892,0.9994699041048154,0.9994741856070805,0.9994836414025831,0.9994897473939013,0.9994869154598918,0.9994888459637327,0.9994881886297324,0.9994878661059546,0.9994882344321331,0.9994864995784088,0.9994856537388856,0.9994861320076203,0.9994856085695576,0.9994865761973317,0.9994869701794524,0.9994871729218012,0.9995064304376617,0.9995111527340378,0.9994872001362689,0.9994952606930403,0.9994872115002333,0.9994871784339031,0.9994867072175846,0.9994867040933386,0.9994867081591812,0.9994865376330806,0.9994868311456881,0.9994870488332516,0.9994869852079994,0.9994867184164444,0.9994865681741749,0.9994862814228461,0.9994860000553547,0.9994857840802311,0.9994855871828214,0.9994855167972628,0.9994853485735646,0.9994851926933228,0.9994849635536955,0.9994848468196712
2911.0,0.9996023625682502,0.9994968520753502,0.9993465869722068,0.9994830114830211,0.9994871743101712,0.9994964355608431,0.9995024044768992,0.9994996536257871,0.9995015342394815,0.9995008883750882,0.9995005734394466,0.9995009338286135,0.9994992487209508,0.9994984195737731,0.9994988842055968,0.9994983712854344,0.9994993115380111,0.9994996974412728,0.9994998944918663,0.9995186762961737,0.9995232814648851,0.9994999202094105,0.9995077805897915,0.9994999296099369,0.9994998972618206,0.9994994389565436,0.9994994359008287,0.9994994398557919,0.999499273102763,0.9994995586469985,0.9994997704496498,0.9994997085379189,0.9994994477532292,0.9994993015435946,0.9994990212840232,0.999498747445618,0.9994985363842317,0.9994983447407586,0.9994982759639022,0.9994981122172244,0.9994979599146218,0.9994977368583801,0.9994976228136654
2911.5,0.9984449952283173,0.999509177974036,0.9993624109396125,0.9994956382214194,0.9994996872125584,0.9995087597426432,0.9995145960943946,0.9995119229286535,0.9995137555430165,0.9995131208765198,0.9995128132735762,0.9995131659604004,0.9995115285118962,0.9995107155861388,0.9995111671505547,0.9995106644436466,0.9995115784569534,0.9995119565220147,0.999512148115541,0.9995304716191419,0.9995349639642882,0.9995121724209062,0.9995198399900156,0.9995121799902354,0.9995121483373236,0.9995117024214786,0.9995116994320737,0.9995117032806192,0.9995115401771351,0.9995118180723975,0.9995120242251635,0.9995119639587454,0.9995117089803244,0.9995115666432712,0.9995112926573384,0.9995110260499901,0.9995108197363365,0.9995106331393416,0.999510565916567,0.9995104064705367,0.999510257623548,0.9995100404115491,0.9995099289640431
2912.0,1.0008517124998364,0.9995210560567124,0.9993776679410925,0.9995078075540812,0.9995117472900781,0.9995206366997039,0.9995263448051843,0.9995237461128472,0.9995255325251226,0.9995249087919486,0.999524608277124,0.9995249534882562,0.9995233617260973,0.9995225645673933,0.9995230036028845,0.9995225108157498,0.9995233996641724,0.9995237701225022,0.9995239564810013,0.9995418382554428,0.9995462218728121,0.9995239794534099,0.9995314612194562,0.9995239853145459,0.9995239543347947,0.9995235203144021,0.9995235173891805,0.9995235211355343,0.999523361563387,0.9995236321122715,0.9995238328378524,0.9995237741521054,0.999523524788191,0.999523386172015,0.9995231182512734,0.9995228585924626,0.9995226568679425,0.9995224751207409,0.9995224093998769,0.9995222540872618,0.9995221085793616,0.9995218969848328,0.9995217880466041
2912.5,1.006392593147308,0.9995325077720663,0.9993923846971507,0.9995195413270085,0.9995233761474166,0.9995320878228803,0.9995376718172139,0.9995351445594699,0.9995368864790063,0.9995362734215837,0.9995359797606195,0.9995363177149403,0.9995347697727711,0.9995339879426589,0.9995344149587572,0.9995339318086068,0.9995347965090744,0.9995351595833678,0.9995353409170682,0.9995527967445607,0.9995570755340786,0.9995353626306344,0.9995426652662746,0.9995353668980617,0.9995353365703437,0.9995349139772535,0.9995349111141784,0.9995349147623466,0.9995347586083648,0.9995350220977496,0.9995352176073157,0.9995351604409355,0.9995349165081191,0.9995347814689278,0.9995345194140711,0.9995342664357938,0.9995340691488039,0.9995338920647938,0.9995338277959835,0.9995336764581076,0.9995335341779634,0.9995333279857126,0.9995332214727651
2913.0,1.0089392135907287,0.9995435532990786,0.9994065863750806,0.9995308600965245,0.9995345941151939,0.999543133238714,0.9995485970835285,0.9995461383832959,0.9995478374368165,0.9995472348044353,0.9995469477728836,0.9995472786817515,0.9995457727926418,0.9995450058679373,0.9995454213471301,0.9995449475614128,0.9995457890771657,0.9995461449817403,0.9995463214898288,0.9995633664096819,0.9995675440869803,0.9995463420139375,0.9995534718761192,0.9995463447942774,0.9995463150983342,0.9995459034885659,0.9995459006856849,0.9995459042394674,0.999545751395252,0.9995460080973042,0.9995461985912305,0.9995461428860379,0.9995459042088138,0.9995457726100317,0.9995455162303982,0.999545269678246,0.9995450766837973,0.9995449040858231,0.9995448412213961,0.9995446937075996,0.9995445545487845,0.9995443535544714,0.9995442493865261
2913.5,1.0072119201416765,0.9995542116362076,0.999420296695885,0.99954178321962,0.9995454203391169,0.9995537918980865,0.9995591393903632,0.9995567465217486,0.9995584042582498,0.9995578118069148,0.9995575311896561,0.9995578552571556,0.9995563897471155,0.9995556373193083,0.9995560417187969,0.9995555770347679,0.9995563962788322,0.9995567452200033,0.9995569170913374,0.9995735654431569,0.9995776455503308,0.9995569364909913,0.9995638996394044,0.9995569378836006,0.9995569087999996,0.9995565077522058,0.9995565050076476,0.999556508470651,0.9995563588323267,0.9995566090054309,0.999556794673977,0.9995567403747215,0.9995565067850662,0.9995563784969755,0.9995561276100843,0.9995558872423941,0.9995556984017541,0.9995555301215164,0.9995554686158701,0.99955532478301,0.9995551886437358,0.9995549926531956,0.9995548907534866
2914.0,1.004060104523056,0.999564500683346,0.999433538032722,0.9995523289369961,0.9995558728619368,0.9995640816577013,0.9995693164381018,0.9995669868166684,0.999568604711975,0.9995680222042556,0.9995677477950429,0.9995680652182295,0.9995666385002222,0.9995659001748953,0.9995662939282192,0.9995658380925266,0.9995666359309254,0.9995669781073627,0.9995671455211281,0.9995834109850338,0.9995873969006549,0.9995671638572656,0.9995739660715145,0.9995671639547844,0.9995671354648767,0.999566744578925,0.9995667418908943,0.9995667452665447,0.9995665987345271,0.9995668426241445,0.9995670236480839,0.9995669707022623,0.9995667420392395,0.999566616938556,0.999566371369672,0.9995661369567389,0.9995659521370971,0.9995657880146074,0.9995657278240956,0.9995655875360829,0.9995654543189485,0.9995652631475676,0.9995651634426518
2914.5,1.001758463949179,0.9995744373172143,0.999446331501632,0.9995625144494736,0.9995659686988646,0.999574019355052,0.9995791449157538,0.999576876089528,0.9995784555505343,0.9995778827554112,0.9995776143564383,0.9995779253255812,0.9995765358939893,0.9995758112902622,0.9995761948087999,0.9995757475770912,0.9995765248318131,0.9995768604348796,0.9995770235611982,0.9995929191953005,0.9995968141437441,0.9995770408909849,0.9995836876865851,0.9995770397798395,0.9995770118657217,0.9995766307613787,0.9995766281281531,0.9995766314197061,0.9995764878984833,0.9995767257379488,0.9995769022891515,0.9995768506468389,0.99957662675623,0.9995765047257092,0.9995762643074365,0.9995760356307839,0.999575854704939,0.9995756945880122,0.9995756356708415,0.9995754987982125,0.99957536840997,0.9995751818821054,0.9995750843016837
2915.0,0.9990365504681542,0.9995840374607825,0.9994586970452303,0.9995723559883675,0.9995757239070373,0.9995836208774641,0.9995886405695408,0.9995864302106902,0.9995879725793115,0.9995874092720216,0.9995871466935148,0.9995874513923348,0.9995860978178417,0.9995853865678358,0.9995857602421946,0.9995853213787399,0.9995860788304866,0.9995864080445603,0.999586567045053,0.9996021053204027,0.9996059123805454,0.9995865834221503,0.9995930800654398,0.9995865811830128,0.9995865538274898,0.9995861821432036,0.9995861795631297,0.999586182773682,0.9995860421716086,0.9995862741828682,0.9995864464248417,0.9995863960385357,0.9995861767724928,0.9995860577005651,0.9995858222724653,0.9995855991241673,0.9995854219702338,0.9995852657140191,0.9995852080301512,0.999585074449669,0.9995849468010041,0.9995847647494458,0.9995846692261965
2915.5,0.9947407685241544,0.999593316147257,0.9994706535099797,0.999581868880363,0.9995851536495631,0.9995929012257402,0.9995978182661132,0.9995956641632414,0.9995971707200982,0.9995966166819792,0.9995963597418113,0.9995966583477135,0.9995953392725634,0.9995946410208896,0.9995950052221909,0.9995945744995249,0.9995953128902564,0.9995956358930367,0.9995957909213454,0.9996109837545536,0.9996147058678866,0.9995958063961572,0.9996021579182096,0.9995958031043671,0.9995957762909183,0.9995954136826877,0.9995954111541777,0.9995954142866761,0.9995952765157801,0.9995955029100764,0.9995956709984666,0.9995956218229428,0.9995954070396625,0.9995952908200947,0.9995950602283286,0.9995948424103818,0.9995946689115145,0.9995945163780591,0.9995944598891197,0.9995943294834048,0.9995942044887307,0.9995940267542016,0.9995939332236239
2916.0,0.9940133501684031,0.9996022875791118,0.9994822187176008,0.9995910676073825,0.9995942722546258,0.9996018745728849,0.9996066920508758,0.9996045921018816,0.999606064069737,0.9996055190880714,0.9996052676113957,0.999605560295697,0.9996042744293022,0.9996035888325692,0.9996039439136423,0.9996035211122206,0.999604241147516,0.9996045581103137,0.999604709312586,0.9996195680962927,0.9996232080745002,0.9996047239324842,0.9996109351421006,0.999604719658437,0.9996046933711832,0.9996043395115091,0.9996043370330375,0.9996043400902876,0.9996042050660892,0.9996044260445973,0.9996045901276551,0.9996045421198316,0.9996043316832499,0.9996042182148299,0.9996039923118214,0.9996037796355605,0.9996036096796965,0.99960346073754,0.9996034054067328,0.9996032780639189,0.9996031556411845,0.9996029820718751,0.9996028904721428
2916.5,0.9988390068715295,0.9996109651826002,0.9994934095311189,0.9995999658618768,0.9996030932700779,0.9996105543183407,0.9996152752018511,0.9996132274073014,0.9996146659542714,0.9996141298221316,0.9996138836410362,0.999614170569187,0.9996129166840526,0.999612243410396,0.9996125897068832,0.9996121746147562,0.9996128769660048,0.9996131880540186,0.9996133355693557,0.9996278712007132,0.9996314317327537,0.9996133493788908,0.9996194248747392,0.9996133441883936,0.9996133184120666,0.9996129729889766,0.9996129705590773,0.9996129735437526,0.999612841185092,0.9996130569395112,0.9996132171585257,0.9996131702773382,0.9996129640568426,0.9996128532430867,0.9996126318872073,0.9996124241727607,0.9996122576523772,0.9996121121761746,0.999612057968201,0.9996119335816157,0.9996118136521235,0.9996116441032601,0.9996115543750835
2917.0,1.0030993909337766,0.9996193616581347,0.9995042419160071,0.9996085765979402,0.9996116295139124,0.999618953138121,0.9996235802794613,0.9996215827364404,0.9996229889789943,0.9996224614950876,0.9996222204482682,0.9996225017800674,0.9996212787080078,0.999620617436638,0.9996209552680235,0.9996205476805241,0.9996212329869596,0.9996215383595386,0.9996216823204145,0.9996359052277303,0.9996393888864602,0.9996216953615067,0.9996276395434757,0.9996216893161062,0.9996216640360199,0.9996213267521611,0.9996213243694245,0.9996213272840733,0.9996211975129505,0.9996214082260547,0.9996215647157565,0.9996215189220418,0.9996213167922009,0.9996212085410812,0.9996209915963529,0.999620788672138,0.9996206254840232,0.9996204833541935,0.999620430235177,0.9996203087030437,0.9996201911912802,0.9996200255247218,0.9996199376112196
2917.5,1.0035067196165914,0.999627489026894,0.9995147309968305,0.9996169120786028,0.9996198931209656,0.9996270830311934,0.9996316191725857,0.9996296700689772,0.9996310450747427,0.999630526043259,0.9996302899757087,0.9996305658655126,0.9996293724941347,0.9996287229149056,0.9996290525854693,0.9996286523049156,0.999629321175509,0.9996296209864027,0.9996297615190508,0.9996436816867328,0.9996470909351045,0.9996297738311689,0.9996355909109915,0.9996297669884529,0.9996297421904758,0.9996294127622709,0.9996294104253415,0.9996294132723943,0.9996292860138168,0.999629491859967,0.9996296447489036,0.9996296000052907,0.9996294018456001,0.9996292960692903,0.9996290834051063,0.999628885107357,0.9996287251523972,0.9996285862547959,0.999628534192211,0.9996284154173718,0.9996283002508475,0.9996281383347106,0.9996280521812875
2918.0,1.0024943216955375,0.9996353586739725,0.9995248911097729,0.9996249839196244,0.9996278955861686,0.9996349553624285,0.9996394031412021,0.9996375007503705,0.9996388455407599,0.9996383347712215,0.999638103533937,0.9996383741308613,0.9996372094002952,0.9996365712132883,0.9996368930129955,0.9996364998484061,0.9996371528636262,0.9996374472612217,0.9996375844859978,0.9996512114779214,0.9996545486747898,0.9996375961063225,0.9996432901175276,0.9996375885201976,0.9996375641907274,0.9996372423475879,0.9996372400551612,0.9996372428369379,0.9996371180187774,0.999637319164399,0.9996374685752851,0.9996374248460944,0.9996372305407368,0.9996371271553753,0.9996369186462375,0.9996367248185646,0.9996365680015421,0.9996364322271558,0.9996363811897616,0.9996362650794175,0.9996361521885172,0.9996359938968252,0.9996359094510586
2918.5,0.9993384184386754,0.9996429813883644,0.999534735851376,0.9996328031300846,0.9996356478046364,0.9996425809024027,0.9996469428559037,0.9996450855317439,0.9996464010844132,0.9996458983915251,0.9996456718412289,0.9996459372893451,0.9996448001891981,0.9996441731043271,0.999644487309655,0.9996441010764784,0.9996447387899314,0.9996450279174796,0.9996451619491978,0.999658504930614,0.9996617723361777,0.9996451729127734,0.999650747720012,0.9996451646337218,0.9996451407596604,0.9996448262432533,0.9996448239940737,0.9996448267127894,0.9996447042656467,0.9996449008696757,0.9996450469197199,0.9996450041708684,0.999644813608488,0.9996447125339571,0.9996445080592284,0.9996443185522089,0.9996441647816123,0.9996440320262742,0.999643981984051,0.9996438684495207,0.9996437577673623,0.9996436029797185,0.9996435201912511
2919.0,0.9950478304521161,0.9996503674000459,0.9995442781238065,0.9996403801500315,0.9996431601088552,0.9996499698643161,0.9996542484345464,0.9996524346068714,0.9996537218580246,0.9996532270615295,0.9996530050604063,0.9996532654989299,0.9996521550654518,0.9996515388020817,0.9996518456767903,0.999651466196646,0.9996520891366043,0.9996523731324345,0.9996525040806811,0.9996655718387693,0.9996687716196747,0.9996525144205565,0.9996579737283466,0.999652505495872,0.9996524820646029,0.9996521746281666,0.9996521724210251,0.9996521750787959,0.9996520549358732,0.9996522471501715,0.9996523899513812,0.9996523481502944,0.9996521612237838,0.9996520623835036,0.9996518618271744,0.9996516764979686,0.9996515256858136,0.9996513958499369,0.9996513467740273,0.9996512357305216,0.9996511271928221,0.9996509757941048,0.9996508946145436
2919.5,0.9946006878932865,0.999657526414391,0.9995535301769268,0.999647724885432,0.9996504423032082,0.9996571319382611,0.9996613294762667,0.9996595576465066,0.9996608174930569,0.9996603304175912,0.9996601128330385,0.9996603683965115,0.9996592837099495,0.999658677996533,0.9996589777923842,0.9996586048928153,0.9996592135636427,0.9996594925613681,0.9996596205307949,0.9996724214939559,0.9996755557280882,0.9996596302781523,0.999664977639089,0.9996596207521591,0.9996595977515256,0.9996592971592297,0.9996592949929622,0.9996592975918105,0.9996591796887913,0.9996593676585359,0.9996595073180019,0.9996594664335312,0.9996592830398312,0.9996591863605656,0.9996589896110345,0.9996588083230274,0.999658660384689,0.999658533373018,0.9996584852356714,0.9996583766020816,0.9996582701470328,0.9996581220271086,0.99965804240993
2920.0,0.9960074626676185,0.9996644676441411,0.9995625036474255,0.999654846740641,0.9996575036960513,0.9996640763230576,0.9996681950930787,0.9996664638302677,0.9996676971318655,0.9996672176068191,0.9996670043112104,0.9996672551296776,0.9996661953118092,0.9996655998855382,0.9996658928429664,0.9996655263572041,0.999666121240687,0.9996663953693988,0.9996665204599963,0.9996790627159772,0.9996821333969588,0.9996665296442723,0.9996717684667352,0.9996665195585264,0.9996664969768104,0.9996662030031597,0.9996662008766442,0.9996662034185044,0.999666087693439,0.9996662715574848,0.9996664081776485,0.9996663681799939,0.9996661882199038,0.9996660936315813,0.9996659005814466,0.9996657232039131,0.9996655780579659,0.9996654537793432,0.9996654065538622,0.9996653002525634,0.9996651958207131,0.9996650508741705,0.9996649727746307
