frequency_MHz,experimental_data,reference_full_data_fit,adaptive_fit_30_points,adaptive_fit_40_points,adaptive_fit_50_points,adaptive_fit_60_points,adaptive_fit_70_points,adaptive_fit_80_points,adaptive_fit_90_points
2720.5,0.9995348372954156,0.9999346676324301,1.0,0.9999788579538337,0.9999676197377064,0.9999562577116434,0.9999429396553728,0.9999343460127887,0.999938548831711
2721.0,0.9994211408011311,0.9999338132442608,1.0,0.999978601251805,0.9999672159299702,0.999955708136263,0.9999422186306633,0.999933513711033,0.9999377695916952
2721.5,0.9987560084744249,0.9999329378520037,1.0,0.9999783386240866,0.9999668025944088,0.9999551455078065,0.9999414804634914,0.9999326615892815,0.9999369717910828
2722.0,0.9988636129668846,0.9999320406529221,1.0,0.99997806985391,0.9999663793771961,0.9999545693396201,0.9999407245150053,0.9999317889083391,0.9999361547375113
2722.5,1.0001938060871014,0.9999311208023143,1.0,0.9999777947134666,0.9999659459063283,0.9999539791200194,0.9999399501135039,0.9999308948909837,0.9999353177029969
2723.0,1.0000801093410636,0.999930177410743,1.0,0.9999775129631928,0.9999655017904351,0.9999533743106551,0.9999391565522925,0.9999299787194845,0.9999344599216096
2723.5,0.9997487417991495,0.999929209541049,1.0,0.999977224350994,0.9999650466175003,0.9999527543447531,0.9999383430873702,0.9999290395329224,0.999933580586961
2724.0,1.0000776431915601,0.9999282162051228,1.0,0.9999769286114085,0.9999645799534765,0.9999521186252082,0.9999375089349322,0.9999280764242988,0.9999326788494982
2724.5,0.999746276469822,0.9999271963604157,1.0,0.9999766254647053,0.999964101340791,0.9999514665225318,0.999936653268672,0.9999270884374095,0.9999317538135747
2725.0,1.0000751770542191,0.9999261489061642,1.0,0.9999763146159055,0.9999636102967286,0.9999507973726263,0.9999357752168626,0.999926074563466,0.9999308045342836
2725.5,1.000850300333139,0.9999250726792991,1.0,0.9999759957537258,0.9999631063116802,0.9999501104743795,0.9999348738591974,0.9999250337374349,0.9999298300140304
2726.0,1.0006277687516028,0.9999239664500127,1.0,0.9999756685494312,0.9999625888472438,0.999949405087056,0.9999339482233651,0.9999239648340711,0.999928829198817
2726.5,1.0006265350092058,0.9999228289169448,1.0,0.9999753326555909,0.9999620573341668,0.9999486804274679,0.9999329972813369,0.9999228666636182,0.9999278009742119
2727.0,1.0010678953049283,0.9999216587019569,1.0,0.9999749877047299,0.9999615111701088,0.9999479356669021,0.9999320199453324,0.9999217379671347,0.9999267441609747
2727.5,1.0012879577675997,0.9999204543444451,1.0,0.9999746333078575,0.9999609497172105,0.9999471699277848,0.9999310150634377,0.9999205774114183,0.9999256575102994
2728.0,1.0015080196876132,0.9999192142951535,1.0,0.999974269052874,0.9999603722994479,0.999946382280046,0.9999299814148365,0.9999193835834808,0.9999245396986385
2728.5,1.0005091380672784,0.9999179369094277,1.0,0.9999738945028267,0.9999597781997496,0.9999455717371654,0.9999289177046135,0.9999181549845294,0.9999233893220671
2729.0,0.9999564785644474,0.9999166204398597,1.0,0.9999735091940136,0.999959166656854,0.9999447372518576,0.9999278225580924,0.9999168900234048,0.999922204890134
2729.5,1.0007279665465594,0.9999152630282512,1.0,0.9999731126339121,0.9999585368618752,0.9999438777113648,0.9999266945146509,0.9999155870094184,0.9999209848191521
2730.0,1.0006178988976124,0.999913862696827,1.0,0.9999727042989124,0.9999578879545515,0.99994299193231,0.9999255320209643,0.999914244144521,0.9999197274248636
2730.5,1.0003953700719619,0.9999124173386182,1.0,0.9999722836318397,0.9999572190191386,0.9999420786550676,0.9999243334236108,0.9999128595147362,0.9999184309144153
2731.0,1.0000603804855872,0.9999109247069197,1.0,0.9999718500392369,0.9999565290799087,0.9999411365375966,0.9999230969609714,0.9999114310807757,0.9999170933775656
2731.5,0.9999503140668674,0.999909382403723,1.0,0.9999714028883863,0.9999558170962138,0.9999401641486776,0.9999218207543472,0.9999099566677428,0.9999157127770429
2732.0,1.000170375465525,0.9999077878670063,1.0,0.9999709415040351,0.9999550819570622,0.9999391599604848,0.9999205027982018,0.9999084339538271,0.9999142869379534
2732.5,1.0002779754280504,0.9999061383567535,1.0,0.9999704651647946,0.9999543224751518,0.9999381223404199,0.9999191409494324,0.9999068604578709,0.9999128135361349
2733.0,1.00038920289153,0.9999044309395503,1.0,0.9999699730991756,0.999953537380301,0.9999370495421218,0.9999177329155582,0.9999052335256786,0.9999112900853332
2733.5,0.9997240890530058,0.9999026624715954,1.0,0.9999694644812136,0.9999527253121989,0.9999359396955532,0.9999162762416968,0.9999035503149207,0.9999097139230623
2734.0,1.0000529823654616,0.9999008295799332,1.0,0.9999689384256382,0.9999518848124035,0.9999347907960581,0.9999147682961825,0.9999018077784658,0.9999080821949916
2734.5,0.9990577450707542,0.9998989286416945,1.0,0.9999683939825302,0.9999510143154865,0.9999336006922644,0.9999132062546686,0.9999000026459526,0.9999063918376839
2735.0,0.9990565132899654,0.9998969557611007,1.0,0.9999678301314011,0.9999501121392278,0.9999323670726884,0.9999115870825236,0.9998981314033787,0.9999046395594796
2735.5,0.9993854062089844,0.9998949067439511,1.0,0.999967245774628,0.9999491764737356,0.9999310874508832,0.9999099075153076,0.9998961902704702,0.999902821819298
2736.0,1.000603094481695,0.9998927770692743,1.0,0.9999666397301556,0.999948205369358,0.9999297591489447,0.9999081640370919,0.9998941751755428,0.999900934803092
2736.5,1.00115327651634,0.9998905618577799,1.0,0.999966010723377,0.9999471967232314,0.9999283792791684,0.9999063528563402,0.9998920817275361,0.9998989743976562
2737.0,1.001485793364173,0.9998882558366881,1.0,0.9999653573780781,0.9999461482642847,0.9999269447236088,0.999904469879036,0.9998899051848532,0.9998969361614409
2737.5,1.0007082252270476,0.9998858533004553,1.0,0.9999646782063315,0.9999450575364961,0.9999254521112747,0.9999025106786925,0.9998876404205821,0.9998948152919779
2738.0,1.0002644093905195,0.9998833480668345,1.0,0.999963971597186,0.9999439218801637,0.9999238977926314,0.9999004704628225,0.999885281883608,0.9998926065894616
2738.5,0.9999330538779846,0.9998807334276102,1.0,0.9999632358039937,0.999942738410921,0.9999222778110455,0.9998983440353849,0.9998828235550601,0.9998903044159562
2739.0,1.0008169829072984,0.9998780020932396,1.0,0.999962468930179,0.9999415039961737,0.9999205878707416,0.9998961257546459,0.999880258899436,0.9998879026496211
2739.5,1.0020346589057154,0.9998751461304657,1.0,0.9999616689132296,0.9999402152285972,0.9999188233007618,0.9998938094857946,0.999877580809648,0.9998853946332418
2740.0,1.001587215918896,0.999872156891764,1.0,0.9999608335066396,0.9999388683962501,0.9999169790143307,0.9998913885475457,0.999874781545099,0.9998827731162293
2740.5,1.0011434017345977,0.9998690249351878,1.0,0.9999599602594985,0.9999374594487999,0.9999150494628954,0.9998888556518043,0.9998718526617428,0.999880030189102
2741.0,1.000699588644678,0.9998657399327348,1.0,0.9999590464933394,0.9999359839592271,0.9999130285839278,0.9998862028352825,0.9998687849328621,0.9998771572092607
2741.5,1.000698354859366,0.9998622905646951,1.0,0.9999580892757668,0.9999344370802395,0.9999109097413261,0.999883421381682,0.9998655682590329,0.9998741447165925
2742.0,1.0006971210770963,0.9998586643963914,1.0,0.9999570853902378,0.9999328134943961,0.9999086856568207,0.9998805017326599,0.9998621915653398,0.999870982337052
2742.5,1.0005870568587936,0.9998548477320879,1.0,0.9999560313011185,0.9999311073565853,0.9999063483301553,0.9998774333852065,0.9998586426833305,0.9998676586717979
2743.0,0.9991456355153262,0.9998508254382309,1.0,0.9999549231127203,0.9999293122269323,0.999903888944716,0.9998742047720965,0.9998549082143179,0.999864161168544
2743.5,0.9992568614950685,0.9998465807241032,1.0,0.9999537565202755,0.9999274209912087,0.9999012977535009,0.9998708031205575,0.9998509733692228,0.9998604759703692
2744.0,0.9985881386053485,0.9998420948615886,0.9999999999999999,0.9999525267494942,0.9999254257641468,0.9998985639373594,0.9998672142817832,0.9998468217778986,0.9998565877348814
2744.5,0.9978142151256344,0.9998373468159865,0.9999999999999993,0.9999512284789857,0.999923317768136,0.999895675422569,0.9998634225198368,0.999842435257228,0.9998524794128586
2745.0,0.9985856762624855,0.9998323127451265,0.999999999999997,0.9999498557357124,0.9999210871748365,0.9998926186369483,0.9998594102418829,0.9998377935213618,0.9998481319693485
2745.5,0.9989181893065597,0.9998269653024698,0.9999999999999879,0.9999484017465007,0.9999187228889194,0.9998893781712302,0.9998551576411284,0.9998328738080868,0.9998435240204377
2746.0,0.9983619272821131,0.9998212726489765,0.999999999999953,0.999946858716581,0.9999162122394403,0.999885936293031,0.9998506422073882,0.9998276503805194,0.9998386313435249
2746.5,0.998803269147786,0.9998151970355261,0.9999999999998229,0.9999452174862272,0.9999135405223345,0.9998822722314186,0.9998458380349705,0.9998220938406566,0.9998334261953814
2747.0,0.9986932084857144,0.9998086927597665,0.9999999999993547,0.9999434669846062,0.9999106903030209,0.9998783611068917,0.999840714820097,0.9998161701573564,0.9998278763369989
2747.5,0.9992470055885609,0.9998017032261315,0.9999999999977268,0.9999415933501244,0.9999076403356626,0.9998741723199849,0.9998352363858896,0.9998098392618939,0.9998219436129958
2748.0,1.0000184592520998,0.999794156744574,0.9999999999922566,0.9999395785113412,0.9999043638784338,0.999869667126827,0.9998293584973077,0.9998030529946561,0.9998155818613254
2748.5,1.0001296827844295,0.9997859605941165,0.999999999974496,0.9999373979129833,0.9999008260745803,0.999864795017681,0.9998230256267422,0.9997957520921186,0.9998087338315268
2749.0,0.9989095683431054,0.9997769927579793,0.9999999999187796,0.9999350169182492,0.9998969799198107,0.9998594883727169,0.9998161662003496,0.999787861780659,0.9998013266634813
2749.5,0.9981320263901051,0.9997670906205043,0.9999999997499088,0.9999323852135933,0.9998927601427852,0.9998536547005403,0.9998086856964112,0.9997792853927806,0.9997932653236087
2750.0,0.9995709586392112,0.9997560358235056,0.9999999992554242,0.9999294282826793,0.9998880740883188,0.9998471655793385,0.999800456787295,0.9997698952476264,0.9997844232178317
2750.5,1.0001247505632402,0.9997435344421347,0.9999999978566321,0.9999260347097381,0.9998827884242719,0.9998398412391624,0.9997913055334658,0.999759519856296,0.9997746290163076
2751.0,1.00056608535839,0.999729191699236,0.999999994034295,0.9999220377441138,0.9998767102217658,0.9998314295830516,0.9997809924827067,0.9997479263515086,0.9997636485631924
2751.5,1.0005648517680956,0.9997124806424496,0.9999999839452319,0.9999171892578976,0.9998695607365011,0.9998215783983706,0.999769187448839,0.9997347969453027,0.9997511606519524
2752.0,0.9998997680534879,0.9996927046140209,0.9999999582243205,0.9999111240410847,0.9998609401274563,0.9998097996301416,0.9997554368087646,0.999719698250673,0.9997367254878544
2752.5,1.0000073630432884,0.9996689539989924,0.9999998948957614,0.9999033124257053,0.9998502814996213,0.9997954249625207,0.9997391224478851,0.9997020425431221,0.9997197449162589
2753.0,1.0005611510154633,0.999640058676247,0.9999997443215278,0.9998929996699212,0.9998367931869586,0.9997775526755329,0.9997194120937386,0.9996810405759945,0.999699414059964
2753.5,0.9995623321378824,0.9996045388194161,0.9999993986250725,0.9998791315461683,0.9998193892485958,0.9997549868934607,0.9996952017915078,0.9996556464855395,0.9996746649687147
2754.0,0.9998948370086982,0.9995605581519681,0.9999986323540115,0.9998602673393672,0.9997966098664839,0.9997261719652237,0.9996650527494315,0.9996244966894386,0.9996441043003385
2754.5,1.0003361682785041,0.9995058853382804,0.9999969926823882,0.9998344840955071,0.9997665357791199,0.9996891267965382,0.9996271267150981,0.9995858465040396,0.999605948931512
2755.0,0.9998923715045414,0.9994378706999798,0.9999936061547232,0.9997992794770694,0.9997267040252639,0.9996413863714781,0.9995791263421311,0.9995375104030455,0.9995579656542444
2755.5,0.9998911387570226,0.9993534466197466,0.9999868561628091,0.9997514848045504,0.9996740358994438,0.9995799602151064,0.9995182494575542,0.9994768142203991,0.9994974235503249
2756.0,0.9986710456693374,0.9992491605120855,0.9999738748109046,0.9996872043683718,0.9996047917211099,0.9995013197789017,0.9994411683931225,0.9994005698349389,0.999421069911896
2756.5,0.9981147983514465,0.9991212487633183,0.9999497918825919,0.9996018011721919,0.9995145701461043,0.9994014281713208,0.9993440471198385,0.999305084506516,0.9993251422216527
2757.0,0.9991111444901768,0.998965758275396,0.9999067034346742,0.9994899519367697,0.9993983714584984,0.9992758257238201,0.9992226092571127,0.9991862175133523,0.9992054291581937
2757.5,0.9990010862980434,0.998778719018374,0.9998323766186369,0.9993457942958686,0.9992507436252521,0.9991197830054794,0.9990722685466353,0.9990394955075541,0.999057392277643
2758.0,0.9978898266042365,0.9985563663516038,0.9997088071131746,0.9991631855017928,0.9990660259923407,0.998928528643009,0.9988883296389314,0.9988602946116673,0.9988763564843199
2758.5,0.998222329847615,0.9982954061774976,0.9995108926940778,0.9989360837533682,0.9988386977623186,0.9986975525279966,0.9986662608743737,0.9986440915505032,0.9986577714624556
2759.0,0.9978873660682295,0.9979933100119849,0.9992056630565471,0.9986590501892789,0.9985638267995741,0.998422976019388,0.998402032447325,0.9983867783342208,0.998397538181128
2759.5,0.9974435772376024,0.9976486220278723,0.9987526664723462,0.9983278523042766,0.9982375996683927,0.9981019704988028,0.9980925038472318,0.9980850261066485,0.9980923853296333
2760.0,0.9981061845551358,0.9972612577717189,0.9981061845551592,0.9979401298628994,0.9978578979504161,0.9977331957265154,0.9977358354549862,0.9977366754655814,0.9977402717984285
2760.5,0.9972198390730542,0.9968327767065106,0.9972198390731225,0.9974960653737848,0.9974248717290203,0.9973172221932196,0.9973318931256541,0.997341125446943,0.9973407856569901
2761.0,0.9965547742416244,0.996366620264025,0.9960537968407964,0.9969989870084167,0.9969414525412709,0.9968568999526042,0.9968826147235509,0.9968996948735325,0.9968955108557723
2761.5,0.996002163901916,0.9958683253301841,0.9945841557316721,0.9964558272788914,0.9964137494859221,0.996357643330389,0.9963923174617083,0.9964159418112805,0.9964083438906898
2762.0,0.9955547526242504,0.9953457490630241,0.992813290024615,0.9958773702961331,0.9958512875060408,0.9958276187959701,0.9958679473929863,0.9958959526807892,0.9958857670257366
2762.5,0.9952234225267588,0.9948093668148827,0.990779142861494,0.9952782464307646,0.9952670775392188,0.9952778516643058,0.9953193069099159,0.995348651535755,0.9953371218208721
2763.0,0.9945583634363463,0.9942727083951065,0.9885609570356714,0.9946766727026621,0.9946775484719919,0.994722298253613,0.9947593323598038,0.9947862203171025,0.994774965545241
2763.5,0.9934507517834913,0.9937529337344029,0.9862790142835006,0.9940939757194531,0.9941023990039742,0.9941779402360257,0.9942045004684815,0.9942247255728203,0.9942155990105491
2764.0,0.9932282501750471,0.9932713543462994,0.9840867767149333,0.9935539375114215,0.9935643952748617,0.9936648998445612,0.9936753539651041,0.9936849381107066,0.9936797547397148
2764.5,0.9920081908730426,0.9928533573315772,0.9821553421933906,0.9930819214384938,0.9930889771609497,0.9932063865453675,0.9931968658867979,0.9931930022304547,0.9931931300095991
2765.0,0.9917856915916844,0.9925268396113914,0.9806520251055807,0.9927035415041019,0.99270322019373,0.992827962109518,0.9927978963244233,0.9927800419128308,0.992785923748373
2765.5,0.9918932931360626,0.9923183802668253,0.9797166338999167,0.9924424614409032,0.9924334346900265,0.9925553608684459,0.9925086264905856,0.9924793325721516,0.9924901147231354
2766.0,0.9925595249646234,0.9922475001457441,0.9794400635958729,0.9923171218962261,0.9923010162834124,0.9924104353474404,0.9923553120264995,0.9923202093471858,0.9923337245987651
2766.5,0.9928884007540097,0.9923211787220486,0.9798497365867576,0.9923370892668568,0.9923175012064707,0.9924060880875367,0.992353526119779,0.9923201037238976,0.9923333664408945
2767.0,0.9928871766762581,0.9925316406460568,0.9809051209450605,0.9925007205908252,0.9924812723373592,0.9925425571461906,0.9925032040915537,0.9924787076396584,0.9924887904925924
2767.5,0.9928859526015248,0.9928588111416657,0.98250434044014,0.9927955869186207,0.9927780474144362,0.9928073418128002,0.9927886643642057,0.9927780822631781,0.9927829705638511
2768.0,0.9936610035172245,0.9932758938770649,0.9845003835946158,0.9932013761857471,0.9931848129458771,0.9931788180059133,0.9931835913332477,0.9931886349805956,0.9931876706777227
2768.5,0.9933260532074105,0.9937550461571462,0.9867233409015047,0.9936935771949275,0.9936747611579516,0.9936313051933694,0.9936577913149379,0.9936770746340537,0.9936708910423385
2769.0,0.9938798275691575,0.9942710758740508,0.9890040215142509,0.9942464667904181,0.9942210464074136,0.9941391821633688,0.9941824206073051,0.99421240356281,0.9942025267868021
2769.5,0.9948725207807972,0.994802900266478,0.9911944561915875,0.9948350209445589,0.9947987998321288,0.9946791313844443,0.994732532545639,0.9947686468787266,0.9947570116364031
2770.0,0.9958688389801051,0.9953335680323349,0.9931820202656689,0.9954360776851361,0.9953859548316414,0.9952309120527624,0.995287610046779,0.995325191427196,0.995313737403044
2770.5,0.9962013348769111,0.9958497244635024,0.9948957439378668,0.9960291345655998,0.9959635680781742,0.9957774268143315,0.9958311979762943,0.9958661008360153,0.9958565080895043
2771.0,0.9964213797361144,0.9963410409079376,0.9963052383784889,0.9965969537853515,0.9965160054603261,0.9963046077005753,0.9963503778252024,0.9963792992054437,0.9963728538588208
2771.5,0.9974140649191545,0.9967997871728232,0.9974140649190641,0.9971259823867222,0.9970310763717196,0.9968013203159958,0.9968353623828194,0.9968559518802813,0.9968535085776503
2772.0,0.9971915628135256,0.9972205394574778,0.9982500484066342,0.9976065417532874,0.9975000737238038,0.9972592917703015,0.997279218786398,0.9972900504131265,0.997292056967974
2772.5,0.9969690612565105,0.9975999575389263,0.9988549836780638,0.9980327589073346,0.9979176651038936,0.9976730061607524,0.9976776410568099,0.9976781051439304,0.997684662012023
2773.0,0.9980741917561786,0.9979365705733053,0.9992756064986071,0.9984022533639061,0.9982816147595465,0.9980395200508959,0.9980287002308303,0.998018855626447,0.9980297908936006
2773.5,0.9979641391842684,0.9982305371597922,0.9995568868431822,0.998715629784002,0.9985923552473358,0.9983581811301796,0.9983325365177942,0.9983129497819767,0.9983278968637713
2774.0,0.9986267229874515,0.9984833709777835,0.9997379211387956,0.9989758479526368,0.9988524547678642,0.9986302619140598,0.998590992349154,0.9985625812944782,0.9985810512950839
2774.5,0.9991804833046535,0.9986976410559446,0.9998501258819124,0.99918754672341,0.9990660379607047,0.9988585386462613,0.9988072075861567,0.9987711000962343,0.9987925441577106
2775.0,0.9990668023853052,0.9988766648195806,0.9999171297300835,0.9993563907718861,0.999238216558602,0.9990468528369345,0.9989852079519097,0.9989426224353825,0.9989664818310185
2775.5,0.998180488500073,0.9990242141897323,0.9999556953944917,0.9994884929714992,0.9993745760039252,0.999199691416834,0.9991295178298953,0.99908166825085,0.9991074117121065
2776.0,0.9980668090938319,0.999144252452203,0.9999770977143532,0.9995899456207723,0.9994807492496268,0.9993218143810906,0.9992448224905877,0.9991928483124718,0.9992199972924017
2776.5,0.9989542860719078,0.9992407144939337,0.999988552914992,0.9996664744921522,0.9995620931732457,0.9994179489375372,0.999335695780519,0.9992806152216992,0.9993087585867536
2777.0,0.9997256849348624,0.9993173370123002,0.9999944675259446,0.9997232134574559,0.9996234689884247,0.9994925589041227,0.9994063998169807,0.9993490834802815,0.9993778835583297
2777.5,0.9988393746079893,0.9993775396485758,0.999997413973104,0.999764585740866,0.999669117320023,0.9995496890603701,0.9994607549516191,0.9994019161116882,0.9994311081720512
2778.0,0.9992806816072972,0.9994243534237072,0.9999988301340721,0.9997942710141043,0.9997026118065059,0.9995928772953082,0.9995020721175282,0.9994422696652785,0.9994716568333638
2778.5,0.9990581807664213,0.9994603897064123,0.9999994864661707,0.9998152351001961,0.9997268720276294,0.9996251230477374,0.9995331359501248,0.9994727861136646,0.9995022314960736
2779.0,0.9989481284738526,0.9994878412529028,0.9999997790387483,0.9998298000074445,0.9997442165459255,0.9996488985783933,0.9995562256059586,0.999495618984129,0.9995250364641141
2779.5,0.9986131807304743,0.9995085064433303,0.9999999032178464,0.9998397351974091,0.9997564389797664,0.9996661896212242,0.9995731605471654,0.9995124815911697,0.9995418264047751
2780.0,0.9980569657139289,0.9995238284022013,0.9999999513156539,0.9998463552784399,0.9997648933583306,0.9996785533626287,0.9995853601421072,0.9995247068969633,0.9995539667607567
2780.5,0.9981681828889185,0.9995349418891285,0.9999999647947517,0.999850613800401,0.999770578741547,0.9996871839085295,0.9995939081886864,0.9995333107723967,0.999562498034305
2781.0,0.9986094874514065,0.9995427223636759,0.9999999608221689,0.9998531868787643,0.9997742166292232,0.9996929779102455,0.9995996159173949,0.999539052809587,0.9995681978516455
2781.5,0.998717076338559,0.9995478332029011,0.9999999450753948,0.9998545436491835,0.9997763176698954,0.9996965954462091,0.9996030793273449,0.9995424910242283,0.9995716369653906
2782.0,0.9982733111046876,0.9995507684966148,0.9999999175030543,0.9998550029315217,0.9997772364511653,0.9996985133505787,0.999604728637982,0.9995440285932814,0.9995732272187284
2782.5,0.9982720804352089,0.9995518900526564,0.999999874588057,0.999854777013952,0.9997772147025403,0.9996990698204973,0.9996048691096213,0.9995439521259732,0.9995732608981542
2783.0,0.9981620301971186,0.9995514581668018,0.9999998098735244,0.9998540042969717,0.9997764141599959,0.9996985002989814,0.9996037134959267,0.9995424618739989,0.9995719418489262
2783.5,0.9982696191053541,0.9995496563521296,0.9999997135555905,0.999852772844473,0.9997749407669089,0.9996969653646115,0.9996014069976906,0.999539694812845,0.9995694092815604
2784.0,0.9974957713912528,0.9995466106149926,0.9999995714576424,0.9998511368505596,0.999772861966022,0.9996945717430666,0.999598045875242,0.9995357417570022,0.9995657554463678
2784.5,0.9979370729744267,0.999542404059171,0.9999993634548092,0.9998491277944487,0.9997702187034663,0.9996913876814549,0.999593690938082,0.9995306596969916,0.9995610383877322
2785.0,0.9998184120332166,0.9995370876499932,0.9999990612903986,0.9998467617315594,0.9997670335225045,0.999687453881439,0.9995883770477567,0.999524480444714,0.9995552908917731
2785.5,0.999483468172001,0.9995306879254102,0.9999986256523258,0.9998440438290661,0.9997633158445328,0.9996827910436511,0.9995821196098118,0.999517216507419,0.9995485265741268
2786.0,0.9991521524288389,0.9995232123413489,0.999998002325819,0.9998409709394159,0.9997590652630014,0.9996774048874293,0.9995749188404733,0.9995088649230093,0.999540743863922
2786.5,0.9988172102148071,0.9995146528137056,0.9999971171949809,0.9998375327323399,0.9997542734348921,0.999671289311913,0.9995667624034302,0.9994994096069427,0.9995319284533534
2787.0,0.9983734503281612,0.9995049878882553,0.999995869825253,0.999833711675772,0.9997489249509113,0.9996644281767078,0.9995576268373089,0.9994888225967381,0.9995220546135353
2787.5,0.9984810379146913,0.9994941838427694,0.9999941253212249,0.9998294819605823,0.9997429973959665,0.9996567960103778,0.9995474780399476,0.9994770644372546,0.9995110856301586
2788.0,0.9985922525102957,0.9994821949058635,0.9999917041219072,0.9998248072906433,0.999736460666318,0.9996483578020153,0.9995362709388582,0.9994640838251891,0.9994989734837606
2788.5,0.9995885206790741,0.9994689626623093,0.9999883693727383,0.9998196372950245,0.9997292754766743,0.9996390678887038,0.999523948351217,0.999449816517281,0.9994856577817901
2789.0,0.9994748431807206,0.9994544145987355,0.9999838115058352,0.9998139021510276,0.9997213908563384,0.9996288678102465,0.9995104389117989,0.9994341833940907,0.9994710638334301
2789.5,1.0003586627164933,0.9994384616183134,0.99997762967428,0.9998075048261992,0.9997127402856139,0.9996176828512003,0.9994956538128779,0.9994170874495999,0.9994550996328244
2790.0,1.000136166855461,0.9994209942083453,0.9999693097305509,0.9998003101497067,0.9997032359509067,0.9996054168182898,0.9994794819460094,0.9993984093360961,0.9994376513714408
2790.5,0.9992498844306809,0.9994018767705957,0.999958198522318,0.999792129709679,0.9996927603908425,0.9995919443996685,0.9994617828529393,0.9993780009248637,0.999418576926571
2791.0,0.9998036214518744,0.9993809394120032,0.999943474409686,0.9997827013520296,0.9996811545620641,0.999577100215643,0.9994423766758826,0.9993556761395799,0.9993976965637342
2791.5,1.0000236507484244,0.9993579662376856,0.9999241140949895,0.9997716618461626,0.9996682010745834,0.999560663398671,0.9994210300453571,0.9993311980788898,0.9993747798438102
2792.0,0.9996887120020072,0.999332678889583,0.9998988561063197,0.9997585111134191,0.9996536010445438,0.9995423362426188,0.9993974365636872,0.9993042611721678,0.9993495274460589
2792.5,0.999357401315487,0.9993047137432873,0.9998661615932086,0.9997425663276355,0.9996369427119542,0.9995217151587358,0.9993711902523349,0.9992744668228216,0.9993215463210994
2793.0,0.999134908334488,0.9992735908371966,0.9998241734773409,0.9997229042494854,0.9996176597140766,0.9994982519057259,0.9993417500641043,0.9992412907153647,0.999290316303013
2793.5,0.9993549373704265,0.9992386723058005,0.9997706754472228,0.9996982904149512,0.999594976753095,0.999471202880237,0.9993083933677235,0.9992040397417495,0.9992551460843203
2794.0,1.000238747248153,0.9991991078891852,0.999703052780844,0.9996670943389154,0.9995678404321747,0.9994395642397037,0.9992701562631435,0.9991617964051431,0.9992151163596269
2794.5,1.000125070489735,0.999153765085764,0.9996182575037342,0.9996271907937727,0.9995348333594533,0.9994019908799521,0.9992257587718468,0.9991133486718642,0.999169008062269
2795.0,0.9999025776595061,0.9991011418209295,0.9995127809116597,0.999575848546178,0.9994940703511448,0.9993566979188923,0.9991735134741244,0.9990571036686551,0.9991152140604662
2795.5,0.9997925288030409,0.9990392602544634,0.9993826369686121,0.9995096097235993,0.9994430768211097,0.9993013444635472,0.9991112171478648,0.9989909844764816,0.999051633562253
2796.0,0.9997912963016978,0.9989655416814787,0.999223360484284,0.9994241652343416,0.9993786513268006,0.9992329011667441,0.9990360265050909,0.9989123106624592,0.998975549913844
2796.5,0.9991262865105188,0.9988766645136405,0.9990300242268112,0.9993142343162068,0.9992967168104888,0.9991475054815127,0.9989443212960278,0.9988176652010651,0.9988834945492423
2797.0,0.9987913529993022,0.9987684101274191,0.9987972791781803,0.9991734591957692,0.9991921683176542,0.999040311598347,0.9988315608688525,0.9987027530934655,0.998771102589577
2797.5,0.9984564203138658,0.9986355049135758,0.9985194219336218,0.9989943287649885,0.9990587287734652,0.9989053457059145,0.9986921436581387,0.9985622602427942,0.9986329689404467
2798.0,0.9985676321978192,0.9984714710073186,0.9981904927301944,0.9987681477896745,0.9988888285001958,0.9987353812217421,0.9985192828263627,0.9983897248094606,0.9984625175151909
2798.5,0.9985664012140637,0.9982685026068083,0.9978044067226941,0.9984850700327941,0.9986735281553124,0.998521852615559,0.9983049150567145,0.9981774370375032,0.9982519000956812
2799.0,0.9979013970318191,0.998017388998216,0.9973551198839942,0.9981342143217024,0.9984025080981662,0.9982548298572003,0.99803966279771,0.9979163869417051,0.9979919448470282
2799.5,0.9966814372506748,0.9977075087164438,0.9968368292931971,0.997703881515354,0.9980641491596856,0.9979230776915171,0.9977128724649115,0.9975962816682598,0.997672177002725
2800.0,0.995907622021016,0.9973269208617433,0.9962442056196162,0.9971818870910899,0.997645729631461,0.9975142241238489,0.9973127515058257,0.9972056550896734,0.9972809350106703
2800.5,0.9957939522833756,0.9968625785944822,0.9955726533785241,0.9965560183605573,0.9971337602721204,0.9970150599545441,0.9968266251309847,0.9967320905602509,0.9968056037471306
2801.0,0.9945739996118532,0.9963006854636264,0.9948185921262206,0.9958146170544736,0.9965144726705039,0.9964119853361071,0.9962413283385739,0.9961625731505553,0.996232981650006
2801.5,0.9939090044500911,0.9956272069841088,0.9939797493119634,0.9949472774105673,0.9957744661375946,0.9956916098469889,0.9955437403277672,0.9954839797798145,0.9955497904557365
2802.0,0.9932440109278599,0.9948285377511591,0.9930554531767642,0.9939456375628206,0.9949015046233356,0.9948414996538691,0.9947214566783218,0.994683704609271,0.9947433247641302
2802.5,0.992136507396008,0.9938923090736337,0.9920469120691642,0.9928042289864223,0.9938854387849121,0.9938510497655723,0.9937635805648363,0.9937504036191374,0.9938022246620598
2803.0,0.9920228430077794,0.9928083052656967,0.9909574650300271,0.9915213364371435,0.9927192107988024,0.9927124427092024,0.9926615993331549,0.9926748280440729,0.9927173396762299
2803.5,0.9911365989908917,0.991569441101197,0.989792787670446,0.9900998110204399,0.9913998830853068,0.9914216395326321,0.9914102994132622,0.9914507037963745,0.9914826388890174
2804.0,0.9898078471463588,0.9901727424397168,0.9885610373945429,0.9885477737359689,0.9899296197602097,0.9899793379859074,0.9900086640728093,0.9900756066607036,0.9900961136024037
2804.5,0.9893641175121205,0.9886202717344981,0.9872729230274099,0.9868791480671891,0.9883165447943971,0.9883918298031612,0.9884606989815373,0.9885517853104767,0.9885606198174519
2805.0,0.9880353711285621,0.9869199558393478,0.9859416859660092,0.9851139695694519,0.9865754071005225,0.9866716981683987,0.9867761443892198,0.9868869010338069,0.9868846228690823
2805.5,0.98659418736801,0.9850863107035714,0.9845829830753113,0.9832784386590226,0.984728002972027,0.9848383210464279,0.9849710637507708,0.9850946889270279,0.9850828401819688
2806.0,0.9841591780982969,0.9831411184831165,0.9832146656214337,0.9814047086708464,0.9828033412156679,0.9829181869677716,0.9830683478044226,0.9831956015600575,0.9831768316911925
2806.5,0.9809479735284605,0.9811141900152153,0.9818564534034923,0.9795304298386215,0.9808375816112258,0.9809450816884827,0.9810982335149773,0.981217565094277,0.9811956539410309
2807.0,0.9782880967480851,0.9790444097881973,0.9805295086730521,0.9776980902052738,0.9788738184161199,0.9789602482922488,0.9790989847757949,0.9791970314716294,0.9791767470660047
2807.5,0.9764044259153248,0.9769812390324852,0.9792559201041767,0.975954187542469,0.9769617854449176,0.977012617845993,0.9771178609263949,0.9771804825639936,0.9771672021603002
2808.0,0.9751881452952047,0.9749866127744622,0.9780581126395909,0.9743482073824933,0.9751574739929043,0.975159080679027,0.9752123131911409,0.9752263150983668,0.9752253498459581
2808.5,0.973746988031122,0.9731365446695246,0.976958204107523,0.9729312564228744,0.9735224195827967,0.9734644370036983,0.9734508843730714,0.9734064659089953,0.9734220855578547
2809.0,0.9718633297623688,0.9715207208003015,0.9759773337034272,0.9717540410909534,0.9721220289054419,0.9720001258104389,0.9719125332773537,0.9718062033077494,0.9718404810057306
2809.5,0.97075587170015,0.970237396528009,0.9751349904219536,0.9708638172864149,0.9710219778487597,0.9708403400164098,0.9706824080018115,0.9705196257515561,0.9705714070415142
2810.0,0.9699784804295825,0.9693812896327558,0.9744483710351587,0.9703001819023536,0.9702818921737517,0.9700543482316741,0.9698423502188052,0.9696386845336675,0.9697031429881797
2810.5,0.9689834666880874,0.9690253040597379,0.9739317970639213,0.9700902446044352,0.9699467285449319,0.9696954742476075,0.9694566291825097,0.9692362537303513,0.9693054576629007
2811.0,0.9693123354585537,0.9692021404226023,0.9735962183141809,0.9702445259884137,0.9700382584483649,0.9697899306696208,0.9695571932610023,0.9693484641087174,0.9694130164396496
2811.5,0.9704210222176106,0.9698948604006317,0.9734488270041689,0.9707551768414148,0.9705502900620718,0.9703304597747316,0.9701351948072575,0.9699645944712374,0.9700158515773916
2812.0,0.971747329826018,0.9710418612091095,0.9734928014726539,0.9715973163508984,0.9714500701720776,0.9712781500733098,0.9711434099375453,0.9710301598718099,0.9710621856720641
2812.5,0.9721886326857253,0.9725533243683625,0.9737271922234988,0.9727328841467844,0.9726851233708222,0.9725714312312639,0.972508186447305,0.9724614147847737,0.9724719858673087
2813.0,0.972517495883573,0.9743304393748508,0.974146956012865,0.9741154619189786,0.9741922292376319,0.9741377387367652,0.9741447475841118,0.9741636291712527,0.9741541345249681
2813.5,0.9747324223460272,0.9762798468130224,0.9747431362699304,0.9756946279988125,0.9759052140634711,0.9759033366836432,0.9759697255639788,0.976045701202781,0.9760202567622454
2814.0,0.9767224667544702,0.978320855429597,0.9755031808364348,0.9774191821591908,0.9777600420201888,0.9777993076385394,0.9779083035006091,0.9780280741970951,0.9779923364043487
2814.5,0.9792674429722291,0.9803870569528209,0.976411381282542,0.979239296912449,0.9796974513613633,0.9797641442735483,0.9798966754246483,0.980044985969798,0.9800050464778903
2815.0,0.981478725890127,0.9824251300630167,0.9774494123290591,0.981107957811914,0.9816641055540217,0.9817443527573637,0.9818818435710661,0.9820435945867301,0.9820051480549644
2815.5,0.9843573765846267,0.984392919818357,0.9785969455241597,0.9829820230055865,0.9836131102488596,0.9836942905640612,0.9838204852802083,0.9839821044870003,0.9839499286560215
2816.0,0.98734483090043,0.9862577781967927,0.9798323085287429,0.9848230760881588,0.9855043452313476,0.9855758929104791,0.9856778234532496,0.9858280159929285,0.985805721564153
2816.5,0.9893348474960358,0.987995383573275,0.981133160281986,0.9865981115574299,0.9873047319469882,0.9873584795234488,0.9874267886297378,0.9875568344004245,0.9875468152193129
2817.0,0.991103611270385,0.9895889094955197,0.9824771529466413,0.98828002364118,0.9889883930212755,0.9890185971785123,0.9890474258628925,0.9891511740875811,0.9891546899955682
2817.5,0.992433502409853,0.9910283380714513,0.9838425537520588,0.9898478562256402,0.9905366219059637,0.9905397885731686,0.9905263978872624,0.990600072964372,0.9906174102526393
2818.0,0.9938685734463616,0.9923097602549996,0.9852088034371297,0.9912867893409991,0.9919376067203781,0.9919122007551175,0.9918564535824294,0.9918983526388037,0.9919290211330729
2818.5,0.9944222795588403,0.9934345832937828,0.9865569926389999,0.9925878658981901,0.9931858980082422,0.9931319972576094,0.9930357883020478,0.9930459256200999,0.9930888636341454
2819.0,0.9951936041332867,0.9944086334550643,0.9878702429166452,0.9937474890632829,0.9942816519491123,0.9942005865867514,0.994067279951214,0.9940470160644878,0.9941007840963165
2819.5,0.9954136239238293,0.9952411870856656,0.9891339847587753,0.9947667401742393,0.9952297092252274,0.9951237138594192,0.9949576264043076,0.9949093079145556,0.994972259308204
2820.0,0.995524833526668,0.9959439852257078,0.990336130528441,0.9956505777873577,0.9960385836103036,0.9959104801199576,0.9957164332334992,0.9956430611942613,0.9957134835218634
2820.5,0.9964085903844708,0.996530291251407,0.9914671455030261,0.9964069807814964,0.9967194353508548,0.9965723574143118,0.9963553083453421,0.9962602469192718,0.9963364719463932
2821.0,0.9971835356864744,0.9970140432403126,0.9925200246965497,0.9970460939988873,0.9972850958627811,0.997122260833158,0.9968870162653711,0.9967737484518403,0.9968542315136838
2821.5,0.997624797399759,0.9974091382989985,0.9934901867933018,0.9975794256358735,0.997749195739888,0.9975737253964678,0.9973247338120864,0.9971966669602722,0.9972800385951365
2822.0,0.9971810772738903,0.9977288692831104,0.9943752991510835,0.9980191335327387,0.9981254308372368,0.9979402193551801,0.9976814345203427,0.9975417549600513,0.9976268488751181
2822.5,0.9971798480721439,0.9979855182991515,0.9951750494042121,0.9983774244753995,0.9984269839271386,0.9982346090393719,0.9979694143380463,0.9978209877715655,0.997906849795204
2823.0,0.9977299169986894,0.998190098091157,0.9958908797425758,0.9986660781055458,0.9986661040811409,0.998468775790235,0.9981999578759324,0.9980452702073048,0.9981311529488333
2823.5,0.9992810246678785,0.9983522228721652,0.9965256995596751,0.9988960961256049,0.9988538337164183,0.9986533739877845,0.9983831340565787,0.9982242660961254,0.998309613723314
2824.0,0.9997222810759925,0.9984800845545194,0.9970835909956239,0.9990774688453729,0.9989998646905172,0.9987977112386898,0.9985277028937196,0.9983663318263909,0.9984507588107295
2824.5,0.9991661257133472,0.9985805082913859,0.9975695201286147,0.9992190450243346,0.9991124999094668,0.9989097273687555,0.9986411112897378,0.9984785318496424,0.998561798833453
2825.0,0.9985011634178022,0.9986590620470789,0.9979890643833979,0.9993284873706674,0.9991986952034223,0.9989960475250578,0.9987295547376406,0.9985667135655859,0.9986487027677172
2825.5,0.9986087407678063,0.9987201977009952,0.9983481643196362,0.9994122946795012,0.9992641570502764,0.999062085753492,0.9987980830045975,0.9986356205399558,0.9987163124092328
2826.0,0.9996049168113229,0.9987674051011461,0.9986529055133263,0.9994758719947818,0.9993134743205069,0.9991121781110451,0.998850730531021,0.9986890258628677,0.9987684780581224
2826.5,1.0003798476656063,0.9988033647722179,0.9989093339022758,0.9995236318597908,0.9993502658208248,0.9991497279572468,0.9988906557078615,0.9987298709576299,0.9988082002054907
2827.0,1.0004874223020062,0.9988300890726551,0.999123305851176,0.9995591121796895,0.9993773293693454,0.9991773499079112,0.9989202768047428,0.9987603987339787,0.9988377656976877
2827.5,1.0012623501580042,0.9988490450946268,0.9993003723869872,0.9995850990011916,0.9993967819188603,0.9991970025330636,0.9989413956637784,0.9987822732268303,0.9988588702044748
2828.0,1.0000424719502883,0.9988612552939599,0.999445695608832,0.9996037452394514,0.9994101834868476,0.9992101029032653,0.9989553030504972,0.9987966805040984,0.9988727215470943
2828.5,0.9992687069470602,0.998867373655491,0.9995639941972816,0.9996166787529762,0.9994186401244018,0.9992176183468414,0.9989628616084516,0.9988044075341312,0.9988801204166863
2829.0,0.9998187651622048,0.9988677361882785,0.9996595141838428,0.9996250949646984,0.9994228827584212,0.9992201322174528,0.9989645636649034,0.9988058968593585,0.9988815162170238
2829.5,0.9997087256334084,0.9988623848346307,0.9997360204649806,0.9996298302994158,0.9994233194713128,0.999217881139433,0.998960561750627,0.9988012754048071,0.9988770362786441
2830.0,0.9994862525143522,0.9988510636597083,0.9997968030788773,0.9996314129600662,0.999420058724953,0.9992107612427745,0.9989506697809235,0.9987903557101891,0.9988664866724724
2830.5,0.9981539502914261,0.9988331857076183,0.9998446868118548,0.9996300869597007,0.99941290035577,0.9991983005494743,0.9989343326233852,0.9987726075279942,0.9988493225242678
2831.0,0.9979314796373284,0.9988077684538283,0.9998820127177079,0.9996258038971577,0.9994012901176761,0.999179594236725,0.9989105615416675,0.9987470973516676,0.998824585380897
2831.5,0.9980426829836385,0.9987733356822938,0.999910495023209,0.9996181748580766,0.9993842324841979,0.9991531993660875,0.9988778331016652,0.998712393355872,0.9987908051444376
2832.0,0.9971564938147275,0.9987277842310526,0.9999306708089171,0.9996063723576099,0.9993601558157134,0.9991169862849801,0.9988339499479035,0.9986664338175286,0.9987458647524879
2832.5,0.9973765041343512,0.9986682157529175,0.9999401990278141,0.9995889699854581,0.9993267244523573,0.9990679457723596,0.9987758638076544,0.9986063587339746,0.9986868275420133
2833.0,0.9991451882279646,0.9985907367620773,0.9999293007119372,0.9995637062587537,0.9992805945089873,0.9990019545953982,0.9986994645230679,0.9985283074287332,0.998609730457338
2833.5,1.0000289122998844,0.9984902350085034,0.9998700139617612,0.999527160381213,0.999217114855157,0.9989135078457823,0.9985993440941564,0.9984271897013176,0.9985093512109663
2834.0,1.0003613510180793,0.9983601466622525,0.9996940753804584,0.999474332698086,0.999129982583869,0.9987954343812699,0.9984685516631219,0.9982964446008283,0.9983789642304912
2834.5,0.9992539260829176,0.9981922366095587,0.9992539268201214,0.9993981332844913,0.9990108735237783,0.9986386216789374,0.9982983637711648,0.9981278089343681,0.9982101084524116
2835.0,0.99792163892659,0.9979764226609837,0.9982663199437712,0.9992887996980333,0.9988490827854645,0.9984317876498637,0.998078103316815,0.9979111264860673,0.9979923990458578
2835.5,0.9978116033639272,0.9977006824755619,0.996252657652095,0.9991332900115393,0.9986312268831129,0.9981613480697287,0.9977950491775622,0.9976342374489326,0.9977134237530195
2836.0,0.9970342285719889,0.9973510878854771,0.9925148327072579,0.9989147288139926,0.9983410755360917,0.9978114371866542,0.9974344846746299,0.9972829940960419,0.9973587710110128
2836.5,0.996811762314572,0.996912013111691,0.9862087157403592,0.9986120186691336,0.997959594639181,0.9973641431866238,0.9969799348696118,0.9968414512084345,0.9969122393012532
2837.0,0.9963680595991923,0.9963665590921154,0.9765741242510821,0.9981997615766462,0.9974652880064765,0.9968000167231394,0.9964136379341145,0.9962922761109767,0.9963562731060011
2837.5,0.995924357977656,0.9956972241768918,0.9633224722568993,0.9976486556721659,0.9968349198747156,0.9960988971520505,0.99571728277808,0.9956174115666533,0.9956726586499813
2838.0,0.9949257528838574,0.9948868310862127,0.9470711754128062,0.9969265313687846,0.9960446788256175,0.9952410759580614,0.9948730229815516,0.9947990043933362,0.9948434914267843
2838.5,0.9928245961331726,0.993919692138226,0.9296014907426525,0.9960001581827295,0.9950718044532482,0.9942087804196016,0.993864746691981,0.9938205842429689,0.9938523981258848
2839.0,0.9912710941239151,0.9927829623808424,0.9137000978135202,0.9948378813994979,0.9938966414515303,0.9929879157099082,0.9926795466150582,0.9926684435480868,0.9926859610304593
2839.5,0.991712343544256,0.9914680991439917,0.9024939836425074,0.9934130357231628,0.9925050167283825,0.9915699564185033,0.9913092993743121,0.9913331370877525,0.9913352591174883
2840.0,0.9913810814858177,0.9899723254108349,0.8984625576721658,0.9917079399395667,0.9908907635920331,0.9899538383602074,0.9897522381604733,0.9898109970861889,0.9897974159718093
2840.5,0.988612607366752,0.9882999949129215,0.9025471666146921,0.9897181229796622,0.9890581580507242,0.9881476811017084,0.9880143983308635,0.9881055595534921,0.988077042262398
2841.0,0.9875052146587793,0.9864637924412859,0.9137942845623271,0.9874562998778867,0.9870240050191196,0.9861701853712395,0.9861108457052332,0.9862288342115817,0.9861874939293521
2841.5,0.9861765901286997,0.9844857854124878,0.9297168905736195,0.9849555469122495,0.9848191374109607,0.9840516107270609,0.9840666733459196,0.9842024370472914,0.9841519489844115
2842.0,0.9838506012209784,0.9823984732981861,0.947187192481582,0.9822711609253225,0.9824891848532346,0.9818343522020234,0.9819178759813795,0.9820587436307059,0.9820044379580246
2842.5,0.9803060176170179,0.9802461284851423,0.963423582287873,0.9794808574684355,0.9800946292075329,0.9795732792200322,0.979712353130353,0.9798423810655502,0.979791115243802
2843.0,0.9766526392755274,0.9780867785256696,0.9766526577476088,0.9766832525018562,0.977710342817805,0.9773360964637543,0.9775113549671148,0.9776124448200164,0.9775721255709099
2843.5,0.9749903710922011,0.9759949076340398,0.9862643125843539,0.9739948706115924,0.9754248586524723,0.9752038518534293,0.9753914531793181,0.9754455490142009,0.9754241642237451
2844.0,0.9721131378561607,0.9740639945047681,0.9925518651601345,0.9715459406232466,0.9733392704834132,0.973271066256665,0.9734462671379386,0.9734387993144034,0.9734428865467606
2844.5,0.9710057750404756,0.9724061693742319,0.9962773267122716,0.9694745340578462,0.9715646051553756,0.9716436276699675,0.9717855380283106,0.9717097895665898,0.9717424905270545
2845.0,0.9711133811100925,0.9711443960484958,0.9982845862017231,0.9679170710154285,0.9702149763435559,0.9704311885906485,0.9705274689711845,0.9703886208746094,0.9704478807824893
2845.5,0.9702272546271313,0.9703933460333141,0.9992705960483672,0.9669923442384087,0.9693935059710485,0.9697313890402984,0.9697809471543394,0.9695976269627582,0.9696755062583806
2846.0,0.9704472908178559,0.9702314913249097,0.9997127681719497,0.9667793853323061,0.9691716537518095,0.969608084838094,0.9696199849901269,0.9694213011280228,0.969505286970534
2846.5,0.9724371810673296,0.9706765818952139,0.9998935700613233,0.967297374794731,0.9695699213463983,0.9700730083822972,0.970061370769863,0.9698795291449778,0.9699557927758603
2847.0,0.9739882300531644,0.9716794987009312,0.99996027037322,0.9685000454293676,0.9705515302667916,0.9710820395463737,0.9710590443281307,0.9709205952916,0.9709778408825147
2847.5,0.9738746005036619,0.9731406952935325,0.9999812543247335,0.9702886793978658,0.972033499735234,0.9725486286775786,0.9725190161629588,0.9724387983404454,0.9724709084332844
2848.0,0.9738734001067281,0.9749383405169271,0.9999849045476185,0.9725345685699258,0.9739075542837106,0.9743656250771408,0.9743250448258097,0.9743048888062319,0.9743114612330496
2848.5,0.9753120128529557,0.9769529507477047,0.9999816355322924,0.9750990308285516,0.9760593504625853,0.9764241958793931,0.9763613434102745,0.9763926778883034,0.9763778387063609
2849.0,0.9785204657463317,0.9790808657196888,0.9999745925302984,0.9778463628868972,0.978380254005826,0.9786246198636244,0.9785253477570239,0.9785934525473972,0.9785639466829431
2849.5,0.9816164822735532,0.9812378451183634,0.9999641923791842,0.9806514429486157,0.9807726055842714,0.9808802039386656,0.98073160736904,0.9808196325825846,0.9807830282547907
2850.0,0.983831198223152,0.9833575432350408,0.9999498195607908,0.9834047382875634,0.9831516869524461,0.9831177443627739,0.9829110178587317,0.9830028999413062,0.9829662945307652
2850.5,0.9860422819976016,0.9853886737175028,0.9999303767029014,0.9860159856172632,0.9854466455042689,0.9852770379000823,0.9850087866679744,0.9850909644473033,0.9850602350980284
2851.0,0.9870384121365798,0.9872926064469352,0.9999044283483056,0.9884165745726272,0.9876011473324996,0.9873104374945486,0.9869826744093974,0.9870448530049942,0.9870243399131013
2851.5,0.988694600408202,0.9890417080336747,0.9998702188077218,0.9905603174551102,0.9895736940715446,0.9891825126604931,0.988801776339175,0.9888370496593442,0.9888295303890425
2852.0,0.9903544112990913,0.9906181531354916,0.9998256603697839,0.9924224733705225,0.9913373403422922,0.9908695651223025,0.9904455931620628,0.9904501833040354,0.9904570191528372
2852.5,0.9927903313822165,0.9920128585417877,0.9997683238483369,0.99399721325425,0.992878660564292,0.9923587808979943,0.9919030842501109,0.9918758817823216,0.9918972505919218
2853.0,0.993231564245293,0.993224312241008,0.999695443911071,0.9952939584948662,0.994195996566432,0.9936469393232417,0.9931715152191727,0.9931135422926005,0.9931487005990736
2853.5,0.9936727960206578,0.9942572166657,0.9996039463895893,0.9963331385401191,0.9952971608417306,0.994738730989119,0.9942550517367711,0.9941689258725336,0.994216464062449
2854.0,0.9936715712386024,0.9951209751279532,0.9994905032723815,0.9971419016400037,0.9961968440414184,0.995644820583991,0.9951631539658249,0.9950526004155262,0.9951106690241186
2854.5,0.9942216017751514,0.9958281112557126,0.9993516200846397,0.99775021490161,0.996913985166394,0.9963798244086496,0.995908880527656,0.9957783203487034,0.9958448158339931
2855.0,0.9958813935785048,0.9963927311627391,0.9991837589358453,0.9981876479969848,0.997469327576074,0.996960367087699,0.9965072253954778,0.9963614511817352,0.9964341569648019
2855.5,0.9972075275796105,0.9968291304689058,0.998983498419338,0.9984809868470688,0.9978833242347561,0.9974033523252431,0.9969735989073666,0.9968175383588892,0.9968942225489893
2856.0,0.9983124316674598,0.9971506257664708,0.9987477287536948,0.9986526964627208,0.998174489666802,0.9977245418880459,0.9973225378113925,0.9971610960433825,0.997239571526531
2856.5,0.9976475220598836,0.9973686625565263,0.998473877163014,0.9987201606191236,0.9983582370833551,0.9979374957386054,0.997566698994729,0.997404663393771,0.9974828190386197
2857.0,0.9973162665682566,0.9974922255888614,0.9981601547086788,0.9986955736551112,0.9984461946215109,0.9980528910748618,0.9977161640635839,0.9975581506710332,0.9976339643357067
2857.5,0.9975362631320404,0.9975275562692346,0.9978058119166355,0.9985863414207883,0.9984459668066505,0.9980782120059293,0.9977780606785583,0.997628478714773,0.9977000235025386
2858.0,0.9978650586060089,0.9974781660246638,0.9974113869843414,0.9983958543213696,0.9983612941089228,0.9980177846574187,0.9977564920618385,0.9976195034683703,0.9976849582570317
2858.5,0.9969789275472791,0.9973451230329778,0.9969789275468625,0.9981245141358818,0.998192559904614,0.9978731224241271,0.9976527567622855,0.9975322105530653,0.9975898842366018
2859.0,0.9959839994886773,0.9971275803870825,0.9965121653866991,0.9977709177178633,0.9979375942329612,0.9976435395528522,0.9974658337530183,0.9973651603130649,0.9974135365556097
2859.5,0.9948730215624885,0.996823504501385,0.9960166234928185,0.9973331177224422,0.9975927219156672,0.9973269849657025,0.9971931002365971,0.9971151579739544,0.9971529638172838
2860.0,0.9950930197819272,0.9964305523018826,0.99549963680703,0.9968098898175283,0.9971539952064715,0.9969210400013001,0.99683123901875,0.9967781141496159,0.9968044118970202
2860.5,0.9960891154372841,0.9959470351667051,0.9949702719683508,0.996201937758016,0.9966185373408676,0.996424013169248,0.996377278660024,0.9963500473709697,0.9963643452490615
2861.0,0.9964215368849848,0.9953728996846846,0.9944391372935606,0.9955129655505854,0.9959859056912883,0.9958360539872997,0.995829694998601,0.995828164793255,0.9958305384203573
2861.5,0.99520176538309,0.9947106555348315,0.9939180817938854,0.9947505449837213,0.9952593675354847,0.9951602007785352,0.9951894920883956,0.9952119452359655,0.9952031591608053
2862.0,0.9942032202601152,0.993966196752853,0.9934197906721609,0.993926712989808,0.99444697620046,0.9944032802196525,0.9944611819123387,0.9945041490713372,0.9944857653677468
2862.5,0.9935383255518201,0.9931495026067322,0.9929572937273325,0.9930582516797456,0.9935623502238443,0.9935765966505317,0.9936536050928569,0.993711703744112,0.9936861617658802
2863.0,0.992543411544361,0.9922752729107741,0.9925434115444394,0.9921666362553233,0.9926251010769349,0.992696392322632,0.992780588090296,0.9928464734099167,0.9928171189552729
2863.5,0.9909900037055049,0.991363639972871,0.992190171367373,0.9912776770452895,0.9916609257277893,0.9917841242443272,0.9918615168336581,0.991926019801203,0.9918970493848945
2864.0,0.9903251154162104,0.9904411574082576,0.9919082293131866,0.9904209129807944,0.9907014574341426,0.9908666679033362,0.990921997694936,0.9909745737451562,0.9909508367723814
2864.5,0.9901026727833346,0.9895421715926975,0.9917063374473514,0.9896287969001668,0.9897839865790296,0.9899765612036201,0.9899947906383886,0.9900244661826062,0.9900110367439571
2865.0,0.9891077679155951,0.9887102221983055,0.991590892829765,0.9889355985568166,0.9889509973307464,0.9891522237129611,0.9891209564010307,0.989117991091713,0.9891194042196874
2865.5,0.9873331505065441,0.9879981334759379,0.9915656009279311,0.9883757317769489,0.9882489858855618,0.9884375941951594,0.9883504267236588,0.9883087731235457,0.9883278806939481
2866.0,0.9867806938863012,0.9874643313738906,0.9916312781003556,0.9879810417655469,0.9877253611134756,0.9878799058457968,0.987740028288749,0.9876601732609721,0.9876968070933837
2866.5,0.9876643613089556,0.9871631839279732,0.99178580783731,0.9877768446507104,0.9874221796348973,0.9875240656420748,0.9873463842377302,0.9872373044696148,0.9872873413659641
2867.0,0.9874419233264182,0.9871306788981805,0.9920242540310594,0.9877774661257555,0.9873672414333444,0.9874035690554583,0.9872131581607906,0.9870916009606155,0.9871472829423947
2867.5,0.9875495031695333,0.987372226789938,0.9923391228191464,0.9879831205111105,0.9875662863803512,0.9875311911571378,0.9873573384684957,0.9872436304930451,0.9872955298891062
2868.0,0.9877695060769891,0.9878606738427833,0.9927207536246107,0.9883798669629565,0.9880011959817842,0.9878948702238106,0.9877630289754574,0.9876750629996318,0.987714911775708
2868.5,0.9885443712878657,0.9885459893833314,0.9931578109341926,0.9889426698662909,0.9886354894752309,0.9884616363715828,0.9883873259681518,0.9883359213437417,0.9883587824677277
2869.0,0.9890980150339178,0.9893698708261967,0.993637841925557,0.9896398537815937,0.9894233547287168,0.9891868607243927,0.9891739406748289,0.989161563338315,0.9891664063837969
2869.5,0.9905329079978579,0.9902772850148907,0.9941478617922965,0.9904370940576135,0.9903174064334842,0.9900234084570789,0.9900660900836303,0.9900884393777176,0.9900773693819929
2870.0,0.9911953441623412,0.9912219013064871,0.9946749286859071,0.9913001656070287,0.9912731726391163,0.9909273672066985,0.9910137879749376,0.9910625174791969,0.9910394869254174
2870.5,0.992078997430626,0.9921669065499407,0.9952066734088254,0.9921966430132703,0.9922510035855003,0.9918603542477069,0.9919759538644648,0.9920411572417848,0.9920108046459704
2871.0,0.993075071018797,0.993083840144678,0.9957317548511057,0.9930970183830563,0.9932167817495735,0.9927899272267285,0.9929199062308206,0.9929918464121358,0.9929586982049702
2871.5,0.993186269385869,0.9939511768136247,0.9962402199284822,0.9939755393719125,0.9941422876418877,0.9936893988707497,0.9938202472414607,0.9938903577451776,0.9938583724175828
2872.0,0.9938486990141354,0.994753268495502,0.9967237555787647,0.9948108500867231,0.9950054619686759,0.9945376331969037,0.994657964147487,0.9947193287578557,0.9946916829382869
2872.5,0.9942899093633631,0.9954796376130105,0.9971758293072137,0.9955864018672363,0.995790502785192,0.9953189007672657,0.9954198233781232,0.9954673265931562,0.9954463521750442
2873.0,0.9960584228657534,0.9961244304794123,0.9975917230156438,0.9962905843687236,0.9964876883362953,0.9960226863534993,0.9960978793615198,0.9961281580424473,0.9961153698025866
2873.5,0.9978269320086814,0.9966858669766051,0.997968471739126,0.9969165602883927,0.9970928781732727,0.9966433427608434,0.996688929465262,0.9967002045669932,0.9966963820781625
2874.0,0.997938123833718,0.9971656072475243,0.9983047239966703,0.9974618305912035,0.9976067230759197,0.9971795480122233,0.9971938359847863,0.9971856728138718,0.9971909745073947
2874.5,0.9986005435229517,0.9975680300616697,0.9986005435234316,0.9979275914344338,0.9980336689866943,0.9976335860534724,0.9976167194181785,0.9975897500185955,0.9976038439447975
2875.0,0.9989329504032517,0.9978994616803376,0.9988571732060276,0.9983179625556867,0.9983808629020431,0.9980105111026233,0.9979640780158131,0.9979197125494652,0.9979419113416745
2875.5,0.9979344339110371,0.9981674098439738,0.9990767812987168,0.9986391699671896,0.9986570639747416,0.9983172701801447,0.9982439066335933,0.9981840567918402,0.9982134460089255
2876.0,0.998154419680414,0.9983798526201736,0.9992622078088753,0.9988987567541056,0.9988716398962656,0.9985618523167012,0.9984648815945676,0.9983917155324386,0.9984272661251995
2876.5,0.999150472276147,0.9985446146877806,0.9994167257403234,0.9991048789919562,0.9990336964620935,0.9987525135932075,0.9986356571031693,0.9985514013636311,0.9985920588047268
2877.0,0.9989280256199965,0.9986688415000201,0.9995438281288247,0.9992657235753734,0.9991513555399473,0.9988971015570803,0.9987642909293499,0.998671090539929,0.998715835067233
2877.5,0.9988143737349301,0.9987585605952931,0.9996470479136138,0.9993890646728519,0.9992311702403626,0.9990024769190807,0.9988577888468789,0.9987576326846976,0.9988055069652831
2878.0,1.0000316364812756,0.9988183039145716,0.999729813955101,0.9994819581442635,0.9992776508389221,0.9990740101916981,0.9989217333780314,0.9988164481506183,0.9988665505259806
2878.5,0.9998091895615856,0.9988507593717282,0.9997953428074241,0.9995505600075557,0.9992928739120698,0.999115120868894,0.9989599467296499,0.9988512589927061,0.998902702732095
2879.0,0.9995867431902297,0.9988564274368965,0.9998465603763881,0.9996000462881537,0.9992761611497406,0.9991268310200367,0.9989741344975472,0.9988637948298024,0.9989156372492275
2879.5,0.9994730910535969,0.9988332812245678,0.999886032095432,0.9996346067973773,0.999223841853967,0.9991073267586223,0.9989634703874581,0.9988534256534157,0.9989045763616449
2880.0,0.9998054927615593,0.9987764660672741,0.9999158263468163,0.9996574832714953,0.9991291495918588,0.9990515604309879,0.9989241172594497,0.9988167047771883,0.9988658300192359
2880.5,0.999804260500959,0.9986781218985997,0.9999370688650114,0.9996710207714267,0.998982340604533,0.9989509795084739,0.9988487380693204,0.9987468599920049,0.9987923092529057
2881.0,0.999360602221279,0.9985274579153803,0.9999485334788332,0.9996766968779451,0.998771147670794,0.9987935244140895,0.9987261270781912,0.9986333474755716,0.9986731366766923
2881.5,0.9994681636620822,0.9983112365598837,0.9999428884669568,0.9996750789466524,0.9984816844616224,0.9985640787723254,0.9985411716283977,0.9984616684917418,0.9984935571351025
2882.0,0.9989157138743012,0.9980148120563785,0.9998986291195083,0.9996655955707048,0.9980998795011407,0.9982455582787046,0.9982754097041326,0.9982137168885569,0.9982354097216855
2882.5,0.9981384268257798,0.9976238004127215,0.9997669478759876,0.9996452051506001,0.997613439340201,0.9978207656860468,0.9979084411108308,0.9978689373605486,0.9978784215110554
2883.0,0.997473560865965,0.9971263305559319,0.9994584796673478,0.9995944022437783,0.9970142230357125,0.997275007575181,0.9974203458863954,0.9974064908634691,0.9974024881375158
2883.5,0.9964750658630404,0.9965156655549271,0.998845299030437,0.999362980285742,0.9963007769056534,0.9965992758992134,0.9967950512512921,0.9968084254214491,0.9967909036539961
2884.0,0.9961438338629784,0.9957928534602221,0.9978006189577274,0.9981971798154116,0.9954806708728962,0.9957935915141747,0.9960243053522267,0.996063568500501,0.9960342270984451
2884.5,0.9942604985499461,0.9949690769960285,0.9962854707065895,0.9942608752977425,0.9945722515295221,0.9948699759993515,0.9951116703933118,0.9951716008138244,0.9951342338657203
2885.0,0.9927107973276921,0.9940676501891906,0.9944494108251561,0.9868041107415281,0.9936055388062653,0.9938545798928947,0.994075924788148,0.9941467455935927,0.9941073870536747
2885.5,0.9921547342318894,0.9931262041879085,0.9926664583111491,0.9807273730347981,0.9926222595148207,0.9927888495877254,0.9929536846650038,0.993020978734064,0.9929877127150388
2886.0,0.9907138313681859,0.9922001208295731,0.9914344795528385,0.9833329179747383,0.9916753076534172,0.9917301866480696,0.9918019734152274,0.9918477460311399,0.9918299446097598
2886.5,0.9911550303551339,0.9913671366686424,0.9911550310336826,0.9911552644965658,0.990827799588504,0.990752702563749,0.9907021083251168,0.990708032462258,0.9907145115774477
2887.0,0.9924846936011926,0.990727557471955,0.9919220545218145,0.9968460775390539,0.9901505686742573,0.9899467630036668,0.989763807423738,0.9897178397742774,0.9897533000778852
2887.5,0.991043795658469,0.990386626634715,0.9934691929268376,0.9989941435486339,0.9897144927077578,0.9894109056492246,0.9891191655498184,0.9890245470997263,0.9890848757156843
2888.0,0.99148499260744,0.9904124398247669,0.9953153244556254,0.9994775508059648,0.9895742449062398,0.9892273389856718,0.9888879428009801,0.9887676834374965,0.9888380512444659
2888.5,0.9913713529773442,0.9907966721258885,0.9970008829069418,0.9995563566938714,0.9897484890573507,0.9894267987685755,0.9891184380070585,0.9890063362666559,0.989066938751362
2889.0,0.991703757296313,0.991459767710476,0.9982587524072783,0.9995665087072055,0.9902115266099323,0.989971849645297,0.9897565359292592,0.989678943717485,0.9897153615850774
2889.5,0.9912601182958306,0.9922945172174495,0.9990421845559997,0.999558128431691,0.9909044220891153,0.9907766933530683,0.9906798312814157,0.9906448369397802,0.9906534809830901
2890.0,0.991480104699578,0.9932041603063035,0.9994454782341822,0.9995372682886194,0.9917550701168826,0.9917422570135854,0.9917563834836983,0.991756615074471,0.9917425891791629
2890.5,0.9926973389791957,0.9941153085290259,0.9996027027663967,0.9995047800918656,0.9926930508583955,0.9927789031223472,0.9928774505337357,0.9928984952141883,0.9928708543468711
2891.0,0.9955718137689324,0.9949759659315452,0.9996233825616292,0.9994601836003404,0.9936561163092883,0.9938132853586477,0.9939624022220716,0.9939894790995495,0.9939577080430912
2891.5,0.9965678327195855,0.9957509273465347,0.9995741335969106,0.9994021993974619,0.9945922027261024,0.9947884406086721,0.9949544091517197,0.9949757887093094,0.9949479915902804
2892.0,0.9975602228706449,0.9964186145885799,0.9994868529228533,0.9993289380364089,0.9954602027845464,0.9956629684868774,0.9958165802857472,0.9958247937057074,0.9958069460768306
2892.5,0.9974502032135077,0.9969689409851298,0.9993731409486288,0.9992379902006121,0.9962303355179399,0.9964102737016981,0.9965293469951839,0.9965212496037398,0.9965170124017547
2893.0,0.9967853544903482,0.9974011896252734,0.9992350919408794,0.9991264740818517,0.9968838672443249,0.9970172286208668,0.997087718300489,0.9970640006429127,0.9970748655762437
2893.5,0.997890156967183,0.9977214987478035,0.9990710269914342,0.9989910663865454,0.9974119318338998,0.9974818609793621,0.9974977407484142,0.9974621869889017,0.9974878385915936
2894.0,0.9977765109836012,0.9979400904798602,0.9988779086737655,0.9988280316364473,0.9978135131422716,0.9978102394134017,0.9977723971412158,0.9977310699526841,0.9977698686910862
2894.5,0.9975540756162645,0.9980685982632517,0.9986521988706859,0.9986332588827427,0.998092901553036,0.9980130565767216,0.9979275722558996,0.9978880513872893,0.9979375411073235
2895.0,0.9977740515517481,0.998117823304581,0.9983901458632911,0.9984023120668015,0.9982570287596627,0.9981024501959547,0.9979786753280143,0.9979494340335078,0.9980067899120405
2895.5,0.998106442653928,0.9980961108329703,0.9980879070052825,0.9981304985184939,0.998313047383036,0.9980894616990997,0.9979382599241701,0.9979282146237357,0.9979905777345179
2896.0,0.9979927969640375,0.9980083821988289,0.9977416404086132,0.9978129587815355,0.998266412147907,0.997982325609701,0.997814702692737,0.9978329234863613,0.9978976046593282
2896.5,0.9975491578673086,0.9978557446440193,0.9973476015847387,0.9974447797555664,0.9981195903232812,0.9977855942853981,0.9976117964363197,0.9976673304953195,0.9977318975459969
2897.0,0.9972179351573823,0.9976355451238393,0.9969022525820527,0.9970211318835406,0.9978714178690443,0.9974999751073126,0.9973290131916435,0.9974307560819545,0.997493037664571
2897.5,0.9973254949968662,0.9973417307918921,0.9964023838387857,0.9965374297238097,0.9975170423446797,0.9971226997756112,0.9969621856377625,0.997118737128959,0.9971767823369726
2898.0,0.9973242658458863,0.9969654074066381,0.9958452468564317,0.9959895137230669,0.997048356213785,0.9966482443526056,0.9965044045715143,0.9967238604988046,0.9967758890799339
2898.5,0.9969930446377692,0.9964955270977275,0.9952286947457901,0.9953738493876106,0.9964548162565552,0.996069251008158,0.9959469993571792,0.9962366529710472,0.9962810214465063
2899.0,0.9958857999181342,0.9959196725533838,0.9945513268426769,0.9946877384106927,0.9957245534434704,0.9953775456416414,0.9952805303426717,0.9956464794189832,0.9956816777750054
2899.5,0.9958845725460405,0.9952249268198218,0.9938126328151258,0.9939295347576738,0.9948456904625834,0.9945651837635512,0.9944957639334755,0.9949424397858239,0.9949671244150553
2900.0,0.9955497280639246,0.9943988242503264,0.9930131310128948,0.9930988573671923,0.9938077925195904,0.9936254824427878,0.9935846203968053,0.9941142698335335,0.9941273320401862
2900.5,0.9937788820816561,0.9934303712282531,0.9921544952912213,0.9921967901417291,0.9926033774347399,0.9925540079400417,0.9925410866265056,0.9931532471631275,0.993153912609909
2901.0,0.9912320199619695,0.9923111104953699,0.991239664223399,0.9912260594286494,0.9912294045920229,0.9913494905679846,0.9913620790464344,0.9920530913465022,0.9920410435235051
2901.5,0.9899035873322884,0.9910361870489752,0.9902729265456326,0.9901911793820375,0.9896886537456148,0.990014636175478,0.9900482337566769,0.9908108337102335,0.9907863529088987
2902.0,0.9902323565537571,0.9896053640558875,0.9892599768890143,0.9890985565722088,0.9879909010234272,0.9885568035711931,0.9886045989749981,0.9894276258464654,0.9893917333337797
2902.5,0.9892375434877472,0.9880239416870421,0.9882079363715613,0.9879565470497507,0.986153808252173,0.9869885244181866,0.9870412142054998,0.9879094625983795,0.9878640568473699
2903.0,0.9877967045969849,0.9863035573853817,0.9871253334571509,0.9867754617591195,0.9842034692800198,0.9853278600652858,0.9853735846650635,0.9862678200108175,0.9862157870143794
2903.5,0.985358652794589,0.9844628977767964,0.9860220416294938,0.9855675195628053,0.9821746055583651,0.9835986186935107,0.9836230979587605,0.9845202537438505,0.9844655255552235
2904.0,0.9824818322986385,0.9825284281090062,0.9849091718506401,0.9843467507602944,0.9801104659677573,0.9818304904978672,0.9818174750078027,0.9826910641150617,0.9826385878970912
2904.5,0.9803774064684985,0.9805353248938702,0.9837989194283774,0.9831288570700734,0.9780625376861656,0.9800591823094693,0.9799913762409752,0.9808121900527579,0.980767754328714
2905.0,0.9781641989771527,0.9785288242962438,0.9827043667405885,0.9819310352898024,0.9760901606392076,0.9783266132949808,0.9781872496761063,0.9789244951535672,0.97889434452545
2905.5,0.9753961846984457,0.9765660546857269,0.9816392451767567,0.9807717694348486,0.9742599691329753,0.9766811186703716,0.9764563327385534,0.9770794581796792,0.9770696244279932
2906.0,0.9731793625819477,0.9747179300376423,0.9806176615649835,0.9796705880267347,0.9726446799629778,0.9751773471752222,0.9748593234820557,0.9753408452454204,0.9753561560907062
2906.5,0.9731781632149291,0.9730697198272502,0.9796537961576228,0.9786477680689619,0.971320176700165,0.9738751449713369,0.9734656341901236,0.9737851512186922,0.9738279828706874
2907.0,0.9722921685131106,0.971717747456719,0.9787615808491597,0.9777239465937191,0.9703595535876043,0.9728363940385955,0.9723496305007514,0.9724986979808918,0.9725677325908555
2907.5,0.9705213817478063,0.9707593976983793,0.9779543676003938,0.9769195815678474,0.9698236100949439,0.9721189724431755,0.9715825444487849,0.9715691248641257,0.9716586015890417
2908.0,0.9700777890825208,0.9702759190287227,0.9772445979588449,0.9762542009146415,0.9697496516899969,0.9717681905018812,0.9712205550277621,0.971070852547937,0.9711708776217562
2908.5,0.9702977915604536,0.9703126889976857,0.9766434850292849,0.9757454103224864,0.9701430276617857,0.9718080049011698,0.9712924953177295,0.9710481558151998,0.9711463408019031
2909.0,0.9700753980081083,0.9708661259241365,0.9761607192156382,0.9754077087531533,0.9709758172220557,0.9722356220409883,0.9717925682236559,0.9715031614362281,0.9715872076346151
2909.5,0.9717349966048373,0.9718847769873098,0.9758042085075469,0.975251270719457,0.9721934149079466,0.9730221559947445,0.9726818668640037,0.9723952390133099,0.9724555106871914
2910.0,0.9737245738173466,0.9732839210315496,0.975579863031597,0.9752809466316102,0.9737254249756858,0.9741190006174113,0.9738978755178422,0.9736521361035086,0.9736832679300075
2910.5,0.9754929491997228,0.9749654421094439,0.9754914320672511,0.9754957411554092,0.9754960385129827,0.9754668458507719,0.9753671937961517,0.97518678476777,0.9751879492819222
2911.0,0.9772649463980294,0.976834159670874,0.9755403998069566,0.9758889218292573,0.9774311311171551,0.9770038490795365,0.9770164334443326,0.9769122946734184,0.9768864091754428
2911.5,0.980139294963404,0.978806761617384,0.9757259439084993,0.9764487253410484,0.9794619969656911,0.9786710643359559,0.9787788238104006,0.9787510670402741,0.9787035133660091
2912.0,0.9821288520105607,0.9808143786681764,0.9760449584539372,0.9771594610036206,0.9815269570927868,0.9804151024240451,0.9805968041281115,0.9806381421345468,0.9805754908760524
2912.5,0.9826824443019507,0.9828016997828639,0.9764921404140319,0.9780027417636997,0.9835720472332511,0.9821889646369719,0.9824221486242831,0.9825209733803294,0.9824499724999279
2913.0,0.9838996219183528,0.9847250315071642,0.9770601362454419,0.9789586161416295,0.9855514389379013,0.983952040568899,0.984215100684363,0.9843578060540437,0.9842846975618934
2913.5,0.9865527528471951,0.986550525202666,0.977739742942529,0.9800064800736793,0.9874277712892923,0.985669892909725,0.9859433937547191,0.9861159619233331,0.9860460860557588
2914.0,0.9883210971647394,0.9882528989672908,0.9785201558383602,0.9811257509341041,0.9891723342997246,0.9873140777770382,0.9875814868451144,0.987770512803422,0.9877081268431089
2914.5,0.9900930632670452,0.989814549305382,0.9793892537948564,0.982296348676996,0.9907649942764424,0.9888620205466683,0.989110025028292,0.9893033578922019,0.9892516008622061
2915.0,0.991306599611559,0.9912248375610493,0.9803339112114035,0.9834990472395144,0.9921937919227957,0.990296877139071,0.9905154166421667,0.9907025479974335,0.9906634981794322
2915.5,0.9921937808663529,0.992479376481727,0.9813403255587307,0.9847157488771171,0.9934542092809986,0.9916073045129659,0.9917894130271293,0.9919616916425238,0.9919364794966748
2916.0,0.9927437298481389,0.9935792247374114,0.9823943489251886,0.9859297132084478,0.994548158330182,0.9927870937378896,0.9929286159000974,0.9930793325161066,0.9930682834660355
2916.5,0.9932973035999121,0.9945299716235622,0.983481812330634,0.9871257534433361,0.9954827800892173,0.9938346556782133,0.9939338839931797,0.9940582506212978,0.9940610402499355
2917.0,0.994623239765056,0.9953407442627589,0.984588832275979,0.9882903994380721,0.9962691574192925,0.994752379577212,0.99480964797549,0.9949046887428123,0.9949204982457366
2917.5,0.9949519906097739,0.996023194766374,0.9857020900867327,0.9894120211257507,0.9969210411669116,0.9955459042714684,0.9955631663316443,0.9956275362005026,0.9956551995140503
2918.0,0.9957267524306517,0.9965905301742771,0.9868090759902975,0.9904809047838844,0.9974536732489331,0.9962233504583952,0.9962037655933245,0.9962375151886265,0.9962756518100204
2918.5,0.9962803197773293,0.9970566400065386,0.98789829144096,0.9914892764776777,0.9978827672359584,0.9967945623377333,0.9967421089326644,0.9967464155722815,0.9967935451685498
2919.0,0.9968302596564447,0.9974353608708929,0.9889594048707441,0.9924312701920164,0.9982236817062546,0.9972704005927322,0.997189530880552,0.9971664163442102,0.9972210530220146
2919.5,0.9969414402399608,0.9977398995447326,0.9899833577003021,0.9933028415193305,0.9984907978022342,0.9976621185718091,0.9975574658242999,0.997509519978552,0.9975702456270955
2920.0,0.9982673621097965,0.9979824187333279,0.9909624190068184,0.9941016306553466,0.9986970924969957,0.9979808418477875,0.997856986427663,0.9977871127362419,0.9978526301527816
2920.5,0.9989297062889002,0.9981737754616227,0.9918901886525998,0.9948267805633817,0.9988538843784656,0.9982371597751494,0.9980984570354714,0.998009651755414,0.9980788192838942
2921.0,0.9982649016257252,0.9983233918373169,0.9927615498956995,0.9954787174222807,0.9989707196040485,0.9984408274360348,0.9982912976847337,0.9981864698288357,0.9982583199577385
2921.5,0.9984848623172744,0.9984392318970496,0.9935725735359232,0.9960589009445208,0.9990553616522393,0.9986005681770367,0.9984438471871083,0.9983256817330696,0.9983994264998816
2922.0,0.9990384214895132,0.9985278559604496,0.9943203765392321,0.996569552007214,0.9991138487211659,0.998723961083809,0.9985633090441838,0.9984341718638334,0.9985091980160885
2922.5,0.9978188301546457,0.9985945245459676,0.9950029389140186,0.9970133645095924,0.9991505860181614,0.9988173941843426,0.9986557615169397,0.998517641378921,0.9985934980824581
2923.0,0.9972628121595621,0.9986433264848374,0.9956188835017713,0.9973932077218146,0.9991684456797825,0.9988860626614716,0.9987262125627712,0.9985806934444745,0.9986570749596877
2923.5,0.9979251526791254,0.998677309484122,0.9961672244330275,0.9977118248995812,0.9991688537428572,0.998933991529313,0.998778681018727,0.9986269368188779,0.9987036620436605
2924.0,0.999033496756841,0.9986985952866376,0.9966470914322546,0.9979715338715679,0.9991518507658766,0.9989640637155202,0.9988162867632666,0.9986590902141672,0.998736080377216
2924.5,0.9986986686140036,0.9987084652540199,0.9970574390554545,0.9981739358834355,0.9991161199230849,0.9989780369865264,0.9988413341071587,0.9986790720910246,0.9987563272285849
2925.0,0.998588656366871,0.9987074054418106,0.9973967523804718,0.9983196403475071,0.9990589834000453,0.9989765364656713,0.9988553739592487,0.9986880624045872,0.9987656366235819
2925.5,0.9982538295974989,0.998695103104514,0.9976627636203512,0.9984080153320598,0.99897637456468,0.9989590135620677,0.9988592311987726,0.9986865242021545,0.9987644991811646
2926.0,0.9988073835969707,0.9986703893722773,0.99785219744718,0.998436976511366,0.9988627995539503,0.9989236669967594,0.9988529842381048,0.9986741740385335,0.9987526298104192
2926.5,0.9996909055187777,0.9986311260701378,0.9979605661970494,0.9984028305945011,0.998711307427112,0.9988673273803872,0.9988358843636547,0.9986498913767294,0.9987288732486262
2927.0,1.0001320494017854,0.998574038885639,0.99798203911011,0.9983001924777682,0.998513492592722,0.9987853135299165,0.9988062038176421,0.9986115592235418,0.9986910398072296
2927.5,0.9996884415654961,0.9984945048733006,0.9979094117233,0.9981219978679692,0.9982595563669016,0.9986712763421856,0.998761004758239,0.998555832175422,0.9986356680114751
2928.0,0.9989112407330881,0.9983863099601804,0.9977342017458689,0.9978596341172729,0.9979384556762269,0.9985170542560416,0.998695827438912,0.998477834864126,0.9985577180993547
2928.5,0.9974704804777416,0.9982414016527599,0.9974468954437544,0.9975032106625662,0.997538165419023,0.9983125724840177,0.998604306382947,0.9983708043795434,0.9984502114301034
2929.0,0.997026877561489,0.9980496729524256,0.997037363049651,0.9970419860115596,0.9970460762237433,0.9980458252467846,0.9984777388108089,0.9982257049953549,0.9983038460550174
2929.5,0.9961409026032316,0.9977988242851793,0.9964954525266392,0.9964649601240669,0.996449540866323,0.9977029848084321,0.9983046500498186,0.9980308619126861,0.9981066374008586
2930.0,0.9956973024188324,0.9974743590372215,0.995811758030998,0.995761629145306,0.9957365703739051,0.9972686815614342,0.9980704246595097,0.9977716809474652,0.9978436532664604
2930.5,0.99613844741785,0.9970597724626646,0.9949785430260811,0.9949228841481947,0.9948966653391673,0.9967264941195174,0.9977570962444706,0.9974305397457701,0.9974969306476178
2931.0,0.9962496257026183,0.9965369904423973,0.9939907791646175,0.9939420178896426,0.9939217503771051,0.9960596760601204,0.9973434081188707,0.996986948351904,0.997045673340902
2931.5,0.9952512503351146,0.9958871013058018,0.9928472423653985,0.9928157853625692,0.9928071619292353,0.995252126099971,0.9968052642475465,0.9964180769570623,0.9964668280113043
2932.0,0.9942528774282943,0.9950913992971046,0.9915515890904049,0.9915454476023069,0.9915526244838667,0.9942895817956893,0.9961166778171052,0.9956997307889226,0.995736116901627
2932.5,0.9932581329646436,0.9941327229775756,0.9901133211778159,0.9901377167958252,0.9901631411051837,0.9931609856812368,0.99525128734731,0.9948078126611654,0.9948295640966413
2933.0,0.9919261749962268,0.9929970296612772,0.9885485392948032,0.9886055175063726,0.9886497246641428,0.9918599413548318,0.9941844453024123,0.9937202531211655,0.9937254898980642
2933.5,0.9911526202386505,0.9916751055361723,0.9868803854662784,0.9869684867848448,0.9870299098086139,0.9903861516781619,0.9928957963457724,0.9924193133593908,0.992406871533801
2934.0,0.9909302146893102,0.9901642824823573,0.9851390858785883,0.9852531570455942,0.9853280145408866,0.9887467199698289,0.9913721657979057,0.9908940926643683,0.990863893641703
2934.5,0.9902654420042977,0.9884700331073034,0.9833615268894924,0.9834927992711087,0.9835751625479779,0.9869572068390282,0.9896104989022892,0.9891430258263029,0.9890964637959601
2935.0,0.9876063928734977,0.9866073642187768,0.9815903292293241,0.9817269447382646,0.9818091231900381,0.9850423781341894,0.9876205649789875,0.9871761718125661,0.9871164807800217
2935.5,0.9848385716258244,0.984602042221333,0.979872425651529,0.9800006363672906,0.9800740500402282,0.9830366560128031,0.9854272121013008,0.9850172136457371,0.9849497544911795
2936.0,0.9830678937844032,0.9824918604360373,0.9782571923235025,0.9783634582579901,0.9784201535311415,0.9809843829180658,0.9830721670070346,0.982705339466316,0.9826377123190032
2936.5,0.9807424504546561,0.9803283430571956,0.9767942295148112,0.9768683155263852,0.9769031643772841,0.9789400811152755,0.9806157174708298,0.9802975249363322,0.9802393557811242
2937.0,0.9773111004610366,0.9781792956924027,0.9755309275418333,0.9755697613591727,0.975583098975213,0.9769688324152525,0.9781389470244339,0.9778719812375924,0.9778341573740952
2937.5,0.9747644877504669,0.9761320800790602,0.9745099844357893,0.9745214474775465,0.9745214443400871,0.9751465404993955,0.9757470525566975,0.9755330984646828,0.9755261787934554
2938.0,0.9737697807871996,0.9742959099257232,0.9737670581503134,0.9737722199563262,0.9737758441020248,0.9735590275173862,0.9735727437556829,0.973416097492139,0.9734477339052409
2938.5,0.9731014098742526,0.9727988542270725,0.9733287354634644,0.9733608242003524,0.9733922622664285,0.9722978708565928,0.9717749676641897,0.9716852206833037,0.9717569229898781
2939.0,0.9723278888008197,0.9717735539033403,0.9732109811090416,0.9733102161695856,0.9733964817637716,0.9714506485948109,0.9705238645451684,0.9705152724875847,0.9706198104658572
2939.5,0.972105509464419,0.9713292917564739,0.9734181952912535,0.9736234843553145,0.9737884079311007,0.9710854793755088,0.9699650580283073,0.9700508601385136,0.9701723751664811
2940.0,0.9730978123584633,0.9715191179899747,0.9739429588812447,0.974283262756464,0.974542092593568,0.9712345572371606,0.9701725366947056,0.9703567053871761,0.9704747746560869
2940.5,0.9730966131924447,0.9723208078780312,0.9747664882738246,0.9752549319042141,0.9756114656179938,0.9718849967623278,0.9711190270297506,0.971390962078927,0.9714870970995988
2941.0,0.9737625808314868,0.9736450864783504,0.975859762207964,0.9764920696648952,0.9769388434444896,0.9729826073628021,0.9726873581294974,0.9730227840996408,0.9730857274556978
2941.5,0.9742037409011398,0.975365127745708,0.9771852272428108,0.9779420238109567,0.97846275054255,0.97444620672236,0.9747134189234944,0.9750798905450142,0.9751071877164083
2942.0,0.974644899883498,0.9773484021266544,0.9786989429173898,0.979550262231868,0.9801232125410994,0.9761844070272276,0.9770298769889834,0.9773933398387994,0.9773895840059433
2942.5,0.9771890757930582,0.9794769110091861,0.980352996501856,0.9812632834343574,0.9818645555155928,0.9781080948380978,0.9794908281269871,0.979820915852589,0.979794661174941
2943.0,0.9807267389250869,0.9816542350686009,0.982098003414988,0.9830305006893537,0.98363663250645,0.980136809103278,0.9819783414467432,0.982251712253305,0.9822126860892976
2943.5,0.9850403325552146,0.9838047811578495,0.9838855134453134,0.9848055712508607,0.9853953573532209,0.9822007610890419,0.9844003831463786,0.984602198007598,0.9845594393608296
2944.0,0.9864785929330288,0.9858705764238338,0.9856701633716699,0.9865474401153471,0.9871030315269919,0.9842408897717033,0.9866871592323038,0.9868110634855904,0.986771948686205
2944.5,0.9883592065472724,0.9878083360568515,0.9874114501410054,0.9882211678705327,0.9887286052937858,0.986208467452548,0.9887883847542223,0.9888354283759417,0.9888053242900112
2945.0,0.9904609936445714,0.9895874408022576,0.989075040885988,0.9897985073916374,0.9902478368980568,0.9880647911803898,0.9906714338150032,0.9906483675731814,0.990630663708989
2945.5,0.9931139072423193,0.9911885422383017,0.990633581635531,0.9912581739956823,0.9916432688877562,0.989780944781951,0.9923196617828383,0.9922369989653308,0.9922333430682237
2946.0,0.9947733281544916,0.9926023573668533,0.992067010586462,0.9925857796219051,0.9929039650160524,0.9913374491907229,0.9937303849255448,0.9936005365531342,0.9936111636948575
2946.5,0.9947721022954709,0.9938283593452295,0.9933624199868987,0.9937734419389627,0.9940249969756263,0.9927236518411808,0.9949123728611092,0.9947480663107301,0.9947721549397188
2947.0,0.994992053467274,0.9948732629861127,0.9945135399218724,0.9948191158050079,0.9950067124457241,0.9939368013920841,0.9958829875596984,0.9956960809978368,0.9957320955268372
2947.5,0.9954331808522339,0.9957493456480851,0.9955199358819731,0.9957257193933391,0.995853844686124,0.9949808428604268,0.9966652359228706,0.9964659565373933,0.996511951892519
2948.0,0.996537836598071,0.996472718534559,0.9963860196483623,0.9965001388082948,0.9965745375042875,0.9958650261040449,0.9972850173287151,0.9970815878831099,0.9971354620107523
2948.5,0.997091362015799,0.9970616818673167,0.9971199707010405,0.9971521945533438,0.9971793599191103,0.9966024451733163,0.9977687877806841,0.9975673664652422,0.9976270546989274
2949.0,0.9964266054950847,0.9975352788492836,0.997732654946345,0.9976936435896607,0.9976803757288412,0.9972086238065216,0.9981417697809046,0.9979466114038351,0.9980102228472627
2949.5,0.9964253776078092,0.9979121255950165,0.9982366115120392,0.9981372751965707,0.9980903181862535,0.997700242169347,0.99842674272564,0.9982404906005858,0.998306391490665
2950.0,0.9969752752917029,0.9982095512238696,0.9986451592859265,0.9984961405480746,0.9984219024661171,0.9980940704217598,0.9986433718103281,0.9984674033065152,0.9985342556175687
2950.5,0.9971952218512611,0.9984430435559534,0.9989716552130555,0.998782937519076,0.9986872913051564,0.9984061429259461,0.9988079829725972,0.9986427515196137,0.9987095168266151
2951.0,0.9978575175634963,0.9986259666397526,0.9992289181259876,0.9990095557437864,0.9988977140535482,0.9986511780358851,0.9989336680186155,0.9987790052775912,0.9988449242356151
2951.5,0.9977475135379209,0.9987694985530192,0.9994288164963737,0.9991867736603656,0.9990632275656693,0.9988422255876844,0.9990306032359443,0.9988859635920943,0.9989505205902892
2952.0,0.9981886326350291,0.9988827309347412,0.999582006780699,0.9993240897967907,0.9991925993376664,0.9989905088054216,0.9991064794527741,0.99897112304396,0.999034004030328
2952.5,0.9981874025855187,0.9989728733768238,0.9996978012316619,0.9994296649087817,0.9992932889664095,0.9991054192916965,0.9991669643286832,0.9990400840139613,0.9991011335541526
2953.0,0.9984073462962179,0.9990455133255134,0.999784139935344,0.9995103493643065,0.9993715028576624,0.9991946220477689,0.9992161424989507,0.9990969449922039,0.999156126662794
2953.5,0.9997331568880049,0.9991048927320147,0.9998476408611181,0.99957177070436,0.9994322984243502,0.9992642304928107,0.9992569017553291,0.9991446546291196,0.9992020171020912
2954.0,1.0001742713639268,0.9991541740268458,0.9998937031416909,0.9996184588031145,0.9994797169876584,0.9993190175028891,0.9992912513874478,0.9991853069541747,0.999240956747287
2954.5,1.0003942118131626,0.9991956784198165,0.9999266418484135,0.9996539897177229,0.9995169284664916,0.9993626359811979,0.9993205714057399,0.9992203766432846,0.9992744575373781
2955.0,1.0007265509445529,0.9992310880862671,0.9999498364563256,0.9996811334723303,0.9995463750775734,0.9993978301268018,0.9993457990077292,0.999250898492188,0.9993035770258357
2955.5,1.0010552634799204,0.9992616101226259,0.9999658793875887,0.9997019951244066,0.999569905192378,0.9994266255001277,0.9993675623253263,0.999277599054172,0.9993290552294132
2956.0,1.000832857786652,0.9992881043052412,0.9999767150180439,0.9997181421432056,0.9995888918988421,0.9994504916785619,0.9993862723805229,0.9993009896562857,0.9993514119395103
2956.5,0.9997257652440776,0.9993111789925645,0.9999837630267668,0.9997307141772109,0.9996043335375255,0.9994704755633672,0.9994021833733862,0.9993214296298008,0.9993710134234113
2957.0,0.9992821901604191,0.9993312604131447,0.9999880228054889,0.999740513620627,0.9996169354875867,0.999487306283376,0.9994154297954173,0.999339167333277,0.9993881162530378
2957.5,0.9983962735614196,0.9993486405281794,0.9999901577850426,0.9997480770297589,0.9996271738187616,0.9995014743325491,0.9994260470035443,0.9993543649584178,0.9994028944216814
2958.0,0.9987286126976199,0.9993635080366225,0.9999905600272794,0.9997537284764407,0.9996353422061449,0.9995132883391522,0.9994339801659906,0.9993671115396242,0.9994154543103373
2958.5,0.9992784960238018,0.9993759662046849,0.9999893963754358,0.9997576164817983,0.999641583854998,0.9995229129686317,0.9994390850773314,0.9993774272275572,0.9994258406478856
2959.0,0.9991684922805152,0.9993860402619404,0.999986637982897,0.9997597363859376,0.9996459102373131,0.9995303911606737,0.9994411232890148,0.9993852608134597,0.99943403546172
2959.5,0.9988336928530095,0.9993936762486144,0.9999820752842831,0.9997599400093492,0.9996482083250497,0.999535653400588,0.9994397532946231,0.9993904817159076,0.9994399511561234
2960.0,0.9994959718560688,0.9993987325018749,0.9999753205585824,0.9997579343661175,0.9996482378242575,0.9995385161846584,0.9994345190935071,0.9993928671435949,0.9994434182696
2960.5,0.9996071379204882,0.9994009644753815,0.9999658002669709,0.9997532710928548,0.9996456197566269,0.9995386713717963,0.9994248372691727,0.9993920848947848,0.9994441681244498
2961.0,0.998275264041998,0.9994000033178692,0.9999527394085751,0.9997453282327989,0.9996398176663868,0.9995356677952397,0.9994099836987234,0.9993876722153658,0.9994418104706047
2961.5,1.0001557843283402,0.9993953286050585,0.9999351402790848,0.9997332861102863,0.9996301127964025,0.9995288863836642,0.9993890811018142,0.9993790112872051,0.9994358063275269
2962.0,0.9999333830321782,0.9993862358309631,0.9999117582652997,0.9997160992718112,0.9996155748033103,0.9995175101327421,0.9993610887930676,0.9993653022339479,0.9994254365354795
2962.5,1.0003744880207852,0.9993717997191252,0.9998810776613217,0.9996924668572453,0.9995950299723246,0.9995004905773183,0.9993247961762792,0.9993455349880945,0.9994097670333896
2963.0,1.0009279889304352,0.999350835098407,0.9998412909204599,0.9996608042755573,0.9995670294309461,0.9994765129224634,0.999278821669867,0.9993184619287515,0.9993876125691915
2963.5,1.0005931906352412,0.9993218579678607,0.999790285207381,0.9996192196458061,0.9995298205061633,0.9994439626585707,0.999221618840241,0.9992825738276856,0.9993575013862754
2964.0,0.9992649510898787,0.99928305038715,0.9997256405120275,0.9995654990542936,0.9994813250557686,0.9994008972468439,0.9991514915042379,0.9992360822679757,0.9993176443561846
2964.5,0.998045485714057,0.9992322338719473,0.99964464383742,0.9994971051781966,0.9994191292397511,0.9993450272261939,0.9990666194085093,0.9991769122407682,0.9992659129498525
2965.0,0.9983778195491946,0.9991668569061801,0.9995443239747009,0.999411194122989,0.9993404896689765,0.9992737117440275,0.9989650957749705,0.9991027089804706,0.9991998312297513
2965.5,0.998597756249656,0.9990840028270599,0.9994215110272979,0.999304655294589,0.9992423610468613,0.9991839739139396,0.9988449775011419,0.9990108631563547,0.9991165875460349
2966.0,0.9985965257369313,0.9989804244933738,0.9992729240506881,0.9991741786598352,0.9991214501734044,0.9990725414041264,0.9987043481234426,0.99889855819087,0.99901307165707
2966.5,0.9979317960313601,0.9988526116126522,0.9990952888703085,0.9990163527423506,0.9989743003907232,0.9989359171179975,0.9985413928137025,0.9987628426343408,0.9988859424001943
2967.0,0.9974882340900952,0.9986968952148795,0.99888548630468,0.9988277950951288,0.9987974091299907,0.9987704836270397,0.9983544837352072,0.9986007291468966,0.9987317296799046
2967.5,0.9983716683633842,0.9985095914364893,0.9986407286865077,0.998605314784278,0.9985873791433265,0.9985726430937365,0.9981422731169891,0.9984093197434579,0.9985469723602661
2968.0,0.9988127692973973,0.9982871835666239,0.9983587598402045,0.9983461036845902,0.9983411013231679,0.9983389918005149,0.9979037905302248,0.9981859546608667,0.9983283907047001
2968.5,0.9980356471171173,0.9980265374379144,0.9980380707096311,0.9980479502911456,0.9980559638788582,0.9980665252109994,0.9976385402192116,0.9979283797379424,0.99807308851587
2969.0,0.9979256476163099,0.9977251411732999,0.9976781198719111,0.9977094665523168,0.9977300793227846,0.9977528659967047,0.9973465941331214,0.9976349249232979,0.9977787765012428
2969.5,0.9978120227347319,0.9973813567456735,0.9972795455134406,0.9973303152803934,0.9973625176010518,0.997396504075789,0.9970286767267255,0.9973046849497366,0.9974440052544334
2970.0,0.997038530307769,0.996994668757271,0.9968443534055288,0.9969114234237687,0.996953531279006,0.9969970349857106,0.9966862388518557,0.9969376929840399,0.9970683944515294
2970.5,0.9959314806379672,0.9965659165344871,0.9963760643217118,0.9964551653593334,0.996504757532804,0.9965553815290406,0.996321520304232,0.9965350799269573,0.9966528454651009
2971.0,0.9949332028501486,0.996097500429311,0.9958798044697899,0.9959655008467361,0.9960193824042279,0.9960739843468311,0.9959376038413577,0.9960992167531402,0.9961997287461793
2971.5,0.9953743042163751,0.995593563317842,0.9953623240722378,0.9954480547481203,0.9955022558738865,0.9955569506108666,0.9955384674480485,0.9956338453495889,0.9957130460072026
2972.0,0.9950395197778371,0.9950601639651874,0.9948319323040888,0.9949101302017412,0.994959952063295,0.9950101568539529,0.995129045369035,0.9951442144253871,0.9951985806717516
2972.5,0.994929524917726,0.9945054778806354,0.994298341325745,0.9943606533313725,0.9944007769351291,0.9944413118326857,0.9947153099281906,0.994637248954589,0.9946640663356625
2973.0,0.9943735789965146,0.993940075452091,0.9937724179048726,0.9938100546217122,0.9938347346056486,0.993859996403943,0.994304381776822,0.9941217880452226,0.9941194155376796
2973.5,0.9932665407952715,0.9933773179328368,0.9932658477225783,0.9932700972605701,0.9932734689341353,0.9932777047921094,0.9939046606357412,0.9936089142821484,0.9935770449188647
2974.0,0.9923806676330033,0.9928338466804749,0.9927907243842657,0.9927536616575009,0.9927301921980125,0.9927079055242317,0.9935259363264515,0.9931123469274972,0.9930522814370819
2974.5,0.9923794448068434,0.9923299818639707,0.992359081792157,0.9922744821912592,0.9922195870464575,0.9921661054745479,0.9931793902364241,0.9926487602470159,0.9925637059742796
2975.0,0.9924906156679132,0.991889591702985,0.9919823942387553,0.9918468029600316,0.9917576128205234,0.9916698216881527,0.9928773438773963,0.9922377192100124,0.992133079750257
2975.5,0.9930404836431561,0.9915387628454625,0.9916710727400372,0.9914848796341914,0.9913610695378088,0.9912382469535487,0.992632591280913,0.9919007727148131,0.9917842935014044
2976.0,0.9923757763464454,0.9913027046071123,0.9914339882444357,0.9912022311185239,0.991046716720682,0.9908912942901564,0.9924572218412208,0.991659291214464,0.9915408201691907
2976.5,0.9915986774191125,0.9912010869814005,0.9912780521024465,0.9910105863059157,0.9908297997193009,0.9906477556125038,0.9923610352613463,0.991531088071318,0.99142172836798
2977.0,0.9904916521858264,0.9912432855179424,0.991207881456654,0.9909186154366495,0.9907220852476782,0.9905226521910234,0.9923499177973635,0.9915266813481798,0.9914373710834309
2977.5,0.9903816642849865,0.9914257806422728,0.9912255721522846,0.9909307412564131,0.9907298949160583,0.9905244401622153,0.9924247226715677,0.9916467048501056,0.9915866523911553
2978.0,0.989825730818057,0.9917331612180238,0.9913305947530322,0.9910464423425185,0.9908528789800175,0.9906531679809899,0.9925810996789752,0.9918817446005154,0.9918573312656065
2978.5,0.9907091505845615,0.992142156951617,0.9915198208609887,0.991260338918062,0.9910840880076756,0.9909004662763213,0.992810346033191,0.9922146866161013,0.9922291921939408
2979.0,0.9927019916688863,0.9926266009224415,0.9917876779149308,0.9915630236598287,0.9914113081412825,0.9912513752602709,0.9931009298557533,0.9926244025294247,0.9926784287273737
2979.5,0.9934730132763713,0.9931613474377867,0.9921264217789415,0.9919423000422978,0.9918190600626757,0.991687135430585,0.9934401399756919,0.993089234522901,0.9931814128218288
2980.0,0.9941352662424924,0.9937243766487898,0.9925265085167201,0.9923844238291234,0.9922905289172048,0.9921878429848107,0.9938154171169532,0.9935893202637954,0.9937169429062068
2980.5,0.9953522272734809,0.9942973903072152,0.9929770404574212,0.9928750941064302,0.9928089760142169,0.9927343006178844,0.9942151811525822,0.9941076336984289,0.9942670670415288
2981.0,0.9961268683143187,0.9948655862046314,0.9934662575045452,0.9934001424305474,0.9933585652188063,0.993308981011835,0.9946291989262985,0.9946301247081766,0.9948170414494911
2981.5,0.9956833244471452,0.9954171742635785,0.9939820429053948,0.9939459913114045,0.9939247651980498,0.9938963659176934,0.9950486460171232,0.9951454269659565,0.9953549556822907
2982.0,0.9956820975740792,0.9959429273650781,0.9945124134247701,0.9944999770063819,0.9944945279356989,0.9944829761902709,0.995466018314187,0.995644463560925,0.9958713357379461
2982.5,0.9963443437380785,0.9964358516696736,0.9950459668544965,0.9950506013590421,0.9950563820801908,0.995057308077783,0.9958750011985046,0.9961201070064073,0.996358838110019
2983.0,0.9966730393961752,0.9968909566040767,0.9955722646373937,0.9955877385488097,0.9956005029987932,0.9956097721368439,0.996270350779324,0.9965669311064306,0.9968120356288807
2983.5,0.9976688311700083,0.9973050744337356,0.9960821335387682,0.9961027967019139,0.9961187694463028,0.99613265188989,0.9966478034253806,0.9969810352093837,0.9972272553878826
2984.0,0.9982186812465534,0.9976766858331453,0.9965678771282922,0.9965888241348714,0.9966047937755008,0.996620064127786,0.9970040094255931,0.9973599060773255,0.9976024279649494
2984.5,0.9976663725459729,0.9980057261238533,0.9970233946997437,0.9970405506622856,0.9970539092677017,0.9970678964540151,0.9973364792961357,0.9977022876642719,0.9979369212226705
2985.0,0.9974439869230188,0.998293364583879,0.9974442115735791,0.9974543602566811,0.9974631043098527,0.9974737049849849,0.9976435313544995,0.9980080407640292,0.9982313480322048
2985.5,0.9976639139340553,0.9985417619803344,0.9978274300280787,0.9978281984143751,0.9978309019499687,0.9978365662018204,0.997924232494886,0.9982779858722899,0.998487349872035
2986.0,0.9982137613066026,0.9987538186069821,0.9981716140672539,0.9981614236595532,0.9981571912313955,0.998156886849607,0.9981783281332941,0.9985137310852504,0.9987073660416358
2986.5,0.9992095438200328,0.9989329275260684,0.9984766236993814,0.99845461676922,0.9984430221909046,0.9984361826418405,0.9984061608237551,0.9987174919586368,0.9988944016349196
2987.0,1.0002053238795028,0.9990827467649531,0.9987434153688874,0.998709363331119,0.9986903792394274,0.9986768400966081,0.9986085796212181,0.998891912422452,0.9990518074915768
2987.5,0.9998705462762084,0.999207001220546,0.9989738247932054,0.998928025361195,0.9989019481324214,0.9988818765715327,0.9987868438238433,0.9990398958285309,0.9991830832300519
2988.0,0.9988759309431008,0.9993093210873111,0.9991703469454312,0.9991135163050529,0.9990808904204557,0.9990547121995963,0.9989425253945945,0.9991644537578191,0.9992917111817322
2988.5,0.998874700155846,0.9993931195906545,0.9993359255969992,0.999269091297967,0.9992306367500193,0.9991989647136008,0.9990774143344041,0.9992685779934457,0.9993810254039259
2989.0,0.9995369317780087,0.999461509251052,0.999473762019323,0.9993981615251634,0.9993547072265649,0.9993182747647844,0.9991934307632299,0.9993551385990981,0.9994541165361118
2989.5,1.0000867721001456,0.9995172531552103,0.999587149453484,0.9995041383222861,0.9994565637389703,0.9994161658476352,0.9992925466509748,0.9994268087108539,0.9995137704516565
2990.0,1.000970154187335,0.99956274589512,0.9996793370651369,0.9995903096195919,0.9995394960501449,0.9994959397499711,0.9993767191887523,0.9994860147000036,0.9995624366299021
2990.5,1.0011900741436808,0.9996000179256546,0.9997534245198405,0.9996597487034546,0.9996065408379269,0.9995606058211141,0.9994478368298536,0.9995349089217792,0.9996022209650935
2991.0,0.9997531584469405,0.9996307569546612,0.9998122861846532,0.9997152531909599,0.9996604308663497,0.9996128404249094,0.9995076781522789,0.9995753613622316,0.9996348972644968
2991.5,0.9987549263818782,0.9996563404290966,0.9998585223584296,0.9997593106462855,0.999703570124058,0.9996549717416211,0.9995578829615294,0.9996089660945037,0.9996619318268806
2992.0,0.9986449322295122,0.9996778740140565,0.9998944338674894,0.9997940863976632,0.9997380300507451,0.9996889845436777,0.9995999344955306,0.9996370584728979,0.9996845160631104
2992.5,0.9988648539669972,0.9996962319902308,0.9999220157973813,0.9998214287742131,0.9997655617965654,0.9997165395815475,0.999635151221087,0.9996607393224108,0.9997036029513874
2993.0,0.9995270790734967,0.9997120965641982,0.9999429659928538,0.9998428870728155,0.9997876197054026,0.9997390026376403,0.9996646865128485,0.9996809029125898,0.9997199440595343
2993.5,1.0002980656708484,0.9997259940816333,0.9999587041546683,0.9998597379715913,0.9998053917522496,0.9997574789940411,0.9996895344583948,0.9996982661369265,0.9997341247966397
2994.0,1.0010726758012078,0.9997383269849442,0.9999703977950858,0.9998730167142144,0.9998198333753441,0.999772849882697,0.9997105401062747,0.9997133969697171,0.9997465963937883
2994.5,1.000850291187417,0.9997494010304702,0.9999789918898583,0.9998835500957557,0.9998317019195925,0.9997858083363703,0.9997284126345379,0.9997267408802897,0.9997577038105684
2995.0,1.0012913597181918,0.9997594477718219,0.9999852397016544,0.9998919890023782,0.9998415896668992,0.999796892655283,0.9997437401332065,0.999738644410585,0.9997677093020014
2995.5,1.0018448151683303,0.9997686426410975,0.9999897328830001,0.9998988389321944,0.9998499541138748,0.9998065163962994,0.9997570049365428,0.9997493755465975,0.9997768117628729
2996.0,1.0014012801046501,0.9997771191459055,0.999992929549088,0.9999044875129037,0.9998571447341597,0.9998149943524706,0.9997685986863409,0.9997591408331079,0.9997851622109513
2996.5,1.0011752707713897,0.9997849797793841,0.9999951795127682,0.9999092285126979,0.9998634259172907,0.9998225644146755,0.9997788365381194,0.9997680994014881,0.9997928759027414
2997.0,1.000068288299028,0.9997923042439664,0.9999967462814194,0.9999132822092551,0.9998689961099644,0.9998294055025742,0.9997879701261196,0.9997763742160823,0.9998000416228734
2997.5,0.9995159950130975,0.999799155545009,0.9999978257260481,0.9999168122436238,0.9998740034103614,0.9998356519366501,0.999796199073833,0.9997840609127969,0.9998067286771503
2998.0,0.9998446746132589,0.9998055844395709,0.999998561553335,0.9999199392549337,0.9998785579995053,0.9998414047187214,0.9998036809721031,0.9997912346216026,0.9998129920719907
2998.5,0.998737697872259,0.9998116326448655,0.9999990578533907,0.9999227516852252,0.9998827418553028,0.9998467402174722,0.9998105398477314,0.9997979551485789,0.9998188762971092
2999.0,0.9993999133439807,0.99981733513109,0.9999993890742365,0.9999253141792881,0.9998866162044471,0.9998517167391197,0.9998168732152988,0.999804270856393,0.9998244180564493
2999.5,1.0007255724231694,0.9998227217510081,0.999999607803588,0.9999276739990619,0.9998902271420863,0.9998563794188069,0.9998227578482377,0.9998102215350838,0.999829648223064
3000.0,1.0016125573336618,0.9998278183969787,0.9999997507334417,0.9999298658404641,0.999893609803366,0.99986076380945,0.9998282544272697,0.999815840505284,0.9998345932316138
3000.5,1.0016113232109074,0.9998326478259395,0.9999998431553738,0.9999319153941334,0.999896791415575,0.9998648984815288,0.999833411230314,0.999821156148473,0.9998392760697139
3001.0,1.0017188502038152,0.9998372302535681,0.9999999022941664,0.9999338419392985,0.999899793502463,0.9998688068863567,0.9998382670226018,0.9998261930163918,0.9998437169869027
3001.5,1.0014964686299554,0.9998415837891033,0.9999999397417422,0.9999356602078517,0.9999026334583764,0.9998725086805655,0.9998428532930103,0.9998309726356865,0.9998479340068557
3002.0,1.0001683523506162,0.9998457247604248,0.9999999632076209,0.9999373817075717,0.999905325662064,0.9998760206627745,0.9998471959658161,0.9998355140944141,0.9998519433034083
3002.5,0.9991701468329134,0.9998496679632962,0.9999999777595076,0.9999390156513196,0.999907882259556,0.9998793574351167,0.9998513166986202,0.9998398344738003,0.9998557594824927
3003.0,0.999611208738593,0.9998534268576846,0.9999999866900584,0.9999405696037413,0.999910313712579,0.9998825318719624,0.9998552338588413,0.9998439491708433,0.9998593957988602
3003.5,0.9999435091148009,0.9998570137265267,0.9999999921140662,0.9999420499284297,0.9999126291829789,0.9998855554548968,0.999858963254076,0.9998478721440336,0.9998628643271591
3004.0,1.0001634230199408,0.9998604398072174,0.9999999953743227,0.9999434620960572,0.999914836803693,0.9998884385155686,0.9998625186763946,0.9998516161047505,0.999866176100535
3004.5,1.0001621906948637,0.9998637154027263,0.9999999973137728,0.9999448108968223,0.9999169438719019,0.9998911904152876,0.9998659123076026,0.9998551926699334,0.9998693412255958
3005.0,0.9991639913343088,0.999866849977022,0.9999999984556156,0.9999461005877311,0.9999189569890885,0.9998938196811389,0.9998691550216389,0.9998586124867463,0.9998723689796939
3005.5,0.9990540003371293,0.9998698522380455,0.9999999991209506,0.9999473349958684,0.9999208821649311,0.9998963341119983,0.9998722566115071,0.9998618853365786,0.9998752678945769
3006.0,0.999824963768686,0.9998727302105287,0.9999999995046452,0.9999485175921077,0.9999227248964743,0.9998987408634264,0.999875225961177,0.9998650202234223,0.9998780458292129
3006.5,0.9993814426699351,0.9998754913003447,0.9999999997236466,0.9999496515449987,0.9999244902302388,0.9999010465174507,0.9998780711775109,0.9998680254501177,0.9998807100337859
3007.0,0.9983868745077608,0.9998781423516644,0.9999999998473635,0.9999507397613238,0.99992618281237,0.9999032571412473,0.9998807996931756,0.9998709086849246,0.99988326720632
3007.5,0.9987155478046799,0.9998806896979221,0.9999999999165364,0.9999517849175994,0.9999278069302058,0.9999053783374214,0.9998834183484306,0.9998736770201757,0.9998857235430427
3008.0,0.9988267018185993,0.9998831392073976,0.9999999999548164,0.9999527894853354,0.999929366547509,0.9999074152877336,0.9998859334574437,0.9998763370243173,0.9998880847833516
3008.5,0.9988254711526591,0.9998854963240829,0.9999999999757836,0.9999537557518825,0.999930865334876,0.9999093727915459,0.9998883508631387,0.9998788947883221,0.9998903562500863
3009.0,0.9993752859303059,0.9998877661044018,0.9999999999871505,0.9999546858380693,0.9999323066963465,0.9999112552999148,0.9998906759834184,0.9998813559672471,0.9998925428856845
3009.5,0.9989317686644038,0.9998899532502569,0.99999999999325,0.9999555817134236,0.9999336937929313,0.9999130669460031,0.9998929138507787,0.9998837258175614,0.9998946492847086
3010.0,0.998709395182491,0.9998920621388294,0.9999999999964895,0.999956445209505,0.9999350295635757,0.9999148115723333,0.9998950691467414,0.9998860092307581,0.9998966797231623
3010.5,1.0003685454494007,0.9998940968494853,0.9999999999981924,0.9999572780317199,0.9999363167439389,0.9999164927552953,0.9998971462321412,0.9998882107636818,0.9998986381849548
3011.0,1.0008095971835826,0.9998960611881098,0.9999999999990786,0.9999580817698712,0.9999375578832879,0.999918113827241,0.9998991491740129,0.9998903346659423,0.9999005283858307
3011.5,1.0008083640836098,0.9998979587091463,0.999999999999535,0.9999588579076358,0.9999387553597444,0.9999196778964511,0.9999010817696365,0.9998923849047358,0.9999023537950357
3012.0,1.0004736059488193,0.9998997927355819,0.9999999999997676,0.9999596078311161,0.9999399113940745,0.9999211878652067,0.9999029475681624,0.9998943651873495,0.9999041176549618
3012.5,1.0001424739066234,0.9999015663770968,0.9999999999998851,0.9999603328365765,0.9999410280621891,0.9999226464461776,0.999904749890145,0.9998962789815984,0.9999058229989852
3013.0,0.9989231531921797,0.9999032825465682,0.9999999999999437,0.9999610341374643,0.999942107306494,0.9999240561773017,0.9999064918452476,0.9998981295344028,0.9999074726676808
3013.5,0.9977038354823773,0.9999049439750946,0.9999999999999727,0.9999617128707902,0.9999431509462086,0.9999254194353159,0.9999081763483315,0.9998999198887041,0.9999090693235836
3014.0,0.9981448872392293,0.9999065532256926,0.9999999999999869,0.9999623701029374,0.9999441606867631,0.9999267384480734,0.9999098061341102,0.999901652898882,0.9999106154646429
3014.5,0.9995828816089896,0.9999081127057967,0.9999999999999938,0.9999630068349595,0.999945138128367,0.9999280153057758,0.9999113837705192,0.9999033312448223,0.9999121134364959
3015.0,1.0000239299638516,0.9999096246786829,0.9999999999999971,0.999963624007416,0.9999460847738297,0.9999292519712205,0.9999129116709341,0.9999049574447736,0.9999135654436857
3015.5,0.9999139406175269,0.9999110912739152,0.9999999999999987,0.9999642225047942,0.999947002035708,0.9999304502891682,0.9999143921053505,0.9999065338671029,0.9999149735599167
3016.0,0.9998003263058183,0.9999125144969168,0.9999999999999993,0.9999648031595544,0.9999478912428469,0.9999316119949113,0.999915827210627,0.9999080627410657,0.9999163397374481
3016.5,1.0000202336135435,0.9999138962377433,0.9999999999999997,0.9999653667558381,0.9999487536463705,0.9999327387221199,0.9999172189998826,0.999909546166674,0.9999176658157046
3017.0,1.0000190015028465,0.9999152382791355,0.9999999999999999,0.9999659140328686,0.9999495904251761,0.9999338320100376,0.9999185693711241,0.9999109861237561,0.9999189535291764
3017.5,1.0006811852074,0.9999165423039179,0.9999999999999999,0.9999664456880726,0.9999504026909768,0.9999348933100848,0.9999198801151773,0.999912384480276,0.9999202045146774
3018.0,1.0005711957288623,0.9999178099018043,1.0,0.9999669623799511,0.9999511914929365,0.9999359239919265,0.9999211529229864,0.999913742999988,0.9999214203180191
3018.5,1.000899857425572,0.9999190425756628,1.0,0.9999674647307197,0.9999519578219327,0.9999369253490511,0.9999223893923366,0.999915063349479,0.9999226024001558
3019.0,1.0005687301619544,0.9999202417472893,1.0,0.9999679533287417,0.9999527026144815,0.99993789860391,0.9999235910340499,0.9999163471046593,0.9999237521428445
3019.5,1.0012309099257504,0.9999214087627355,1.0,0.9999684287307695,0.9999534267563557,0.9999388449126496,0.9999247592777073,0.9999175957567495,0.9999248708538648
3020.0,1.0021142252996074,0.9999225448972252,1.0,0.9999688914640146,0.9999541310859229,0.9999397653694807,0.9999258954769298,0.9999188107178059,0.9999259597718412
